1,sazalakazu,128,1993-12-14T18:50,1997-05-27T16:07,1404
2,rcolic,87,1992-08-13T16:14,1995-11-26T12:12,1687
3,mikis,3003,1993-09-03T18:43,1997-05-19T20:14,72
4,ljubinko,635,1995-02-04T06:19,1999-10-24T12:13,434
5,marshall,451,1993-06-11T10:04,1996-05-27T23:38,595
6,dex.dexter,107,1995-02-08T01:40,1995-09-30T07:38,1548
7,ilija,23,1994-11-26T12:01,1995-07-25T07:45,2787
8,kangaroo,69,1994-04-13T04:56,1996-05-25T22:03,361
9,eburanj,358,1994-09-04T14:29,1996-03-15T19:55,705
10,vpejovski,93,1995-03-21T08:26,1995-12-08T17:30,1644
11,vpoznanovic,4059,1993-02-24T00:23,1999-11-30T15:38,41
12,armitage,835,1994-02-02T16:05,1997-03-14T15:02,355
13,prvul,761,1991-01-29T23:16,1995-12-05T16:16,371
14,pyc.guy,710,1994-08-25T14:18,1996-04-30T22:05,393
15,inferno,2937,1994-06-08T20:01,1997-08-09T07:24,83
16,teorist,564,1995-07-28T23:06,1996-11-01T18:29,467
17,mihajlo,113,1993-10-03T17:05,1996-03-14T08:05,1504
18,zealot,64,1996-03-09T19:59,1996-11-16T01:57,1959
19,dejanp,116,1996-02-02T18:47,1998-03-24T12:03,1482
20,drndi,102,1993-05-04T11:26,1996-05-02T20:45,1568
21,ldjordje,183,1995-10-10T11:53,1999-10-30T08:43,1092
22,maxitaxi,10,1995-01-31T01:07,1995-02-28T02:06,1798
23,alazovic,73,1993-12-10T22:28,1995-12-05T18:48,1262
24,msavkovic,600,1995-02-08T12:50,1996-04-04T13:19,447
25,dkaralic,133,1994-06-13T08:33,1997-03-26T08:59,1145
26,jmodli,241,1990-12-26T19:04,1995-11-18T14:30,927
27,stevicm,49,1995-11-24T18:37,1996-07-16T04:00,2185
28,bmisic,33,1994-11-17T22:10,1996-05-10T06:13,2452
29,snoop,219,1995-02-16T16:10,1999-09-24T22:38,417
30,mmike,10,1996-04-18T22:55,1997-08-10T21:50,1638
31,senna,803,1992-10-24T11:16,1999-12-23T02:27,18
32,sofke,265,1996-05-25T10:25,1997-08-08T00:43,861
33,mr.cikila,28,1996-07-11T17:44,1996-11-09T05:30,1836
34,kmilan,707,1995-10-21T20:16,1998-05-25T20:36,394
35,mmisic,365,1996-03-23T08:56,1997-09-06T13:18,699
36,ventura,1342,1998-05-18T14:47,1999-12-23T10:24,242
37,dvesic,879,1993-10-27T07:24,1997-11-23T23:54,350
38,haralampie,42,1994-05-12T00:05,1995-12-09T10:59,2290
39,nebojsha,77,1994-04-03T21:26,1996-09-26T09:50,604
40,balsa,375,1993-01-28T02:21,1999-11-17T14:03,674
41,bipin,34,1993-05-15T13:56,1996-09-19T01:15,2439
42,nesh,260,1995-05-13T12:51,1997-03-06T19:46,868
43,mirijevac,176,1992-08-18T10:02,1998-05-29T19:09,1108
44,fbojan,120,1995-03-08T20:18,1995-11-17T20:35,1449
45,vbacko,17,1995-03-24T18:45,1995-11-19T14:27,1953
46,wildey,26,1996-01-25T01:45,1997-04-28T03:19,2636
47,jalex,84,1996-08-27T12:40,1999-07-30T14:48,1706
48,dragosh,642,1996-07-22T10:03,1999-10-03T14:43,433
49,m.stevic,48,1996-09-13T15:54,1997-07-09T14:43,2195
50,nukite,153,1996-06-18T09:58,1997-02-08T13:57,1239
51,jvujnic,468,1996-09-02T23:01,1998-06-25T09:58,561
52,acko,13,1996-10-27T03:49,1997-02-18T17:38,3285
53,sakazulu,1,1996-11-29T19:07,1996-11-29T19:07,672
54,szarko,50,1995-11-07T18:52,1996-12-07T16:38,2153
55,damir.g,1,1997-01-01T16:20,1997-01-01T16:20,4824
56,bellamy,73,1997-04-23T23:12,1999-12-16T01:53,1839
57,jansi,7,1996-05-31T09:04,1997-09-01T07:33,143
58,rexona,23,1997-03-22T13:41,1998-05-07T11:45,2788
59,vlamar,8,1997-07-22T09:11,1998-06-20T07:53,3620
60,nesha,148,1997-03-16T02:04,1999-12-18T21:54,21
61,milosh.zorica,620,1997-03-13T16:54,1999-08-23T13:58,443
62,milosh,194,1994-11-06T22:30,1999-07-11T13:31,1061
63,retaliator,222,1997-08-05T13:30,1999-12-18T15:52,982
64,mramor,26,1998-05-16T13:41,1999-05-16T13:06,955
65,wiztheweasle,2,1995-06-22T14:16,1995-10-11T08:54,2985
66,beca,5,1995-06-23T17:22,1996-04-29T07:40,4034
67,rogi.phantom,62,1993-10-08T22:42,1996-02-24T02:26,1972
68,hellraiser,146,1996-02-17T12:25,1996-07-22T12:01,1268
69,djanjusevic,218,1993-09-26T19:37,1998-01-31T12:22,989
70,bjevdjic,1894,1992-11-13T01:05,1996-06-04T11:19,176
71,dcolak,3180,1993-02-21T07:15,1995-03-07T11:02,49
72,tassotti,11,1996-01-28T16:39,1996-06-24T00:04,3435
73,dj.vlada,163,1996-01-22T21:06,1996-05-01T12:05,1205
74,nenad,4502,1996-01-16T10:12,1999-12-19T05:19,25
75,bpartonic,8,1996-08-30T21:20,1996-12-08T16:34,2021
76,dixie,9,1996-06-30T19:17,1997-04-02T19:45,3605
77,dust,2,1997-01-03T21:07,1997-01-05T03:51,4522
78,stefan,3034,1992-11-04T13:47,1999-08-31T09:05,58
79,dr.red,3,1997-08-20T13:30,1997-08-20T21:08,4380
80,mdanilo,2,1997-05-21T19:41,1997-09-06T12:35,1188
81,manga,100,1996-11-13T21:27,1999-11-07T13:15,1573
82,kermit,743,1991-11-23T21:00,1998-11-25T22:10,383
83,srce,3,1995-11-18T14:52,1995-11-23T18:50,3112
84,mandic,10,1996-07-12T19:12,1996-08-11T21:59,3523
85,praktica,482,1999-02-03T17:19,1999-12-17T05:44,553
86,knenad,293,1995-09-10T02:37,1996-09-30T12:43,833
87,mmtosic,872,1995-08-09T04:15,1997-01-08T13:31,351
88,sdarabos,1,1996-06-18T15:08,1996-06-18T15:08,4825
89,bcvetkovic,203,1995-01-20T14:14,1999-01-03T14:31,1014
90,vvul,9,1996-07-04T19:41,1996-07-29T08:40,3606
91,scarabeus,2,1996-08-25T01:29,1996-08-25T01:31,2972
92,ljubisha,3084,1991-11-30T00:07,1998-10-24T18:32,53
93,hustler,8,1996-08-26T06:31,1996-09-22T12:14,2983
94,dzoni,3,1996-09-14T19:41,1996-09-25T13:19,4381
95,oleg,99,1996-05-01T10:41,1998-11-03T23:06,1593
96,aaaxxx,1,1996-11-30T22:29,1996-11-30T22:29,1395
97,burazer,59,1996-01-20T06:49,1999-01-26T08:50,1998
98,vdjole,273,1995-12-01T13:48,1999-11-27T10:33,848
99,nobody,97,1997-07-01T22:51,1997-10-13T21:55,1601
100,anikolic,1,1997-08-05T14:38,1997-08-05T14:38,4826
101,ch.bane,17,1996-11-26T20:28,1997-08-07T08:03,3057
102,dushanka,4,1997-09-29T16:10,1999-01-02T09:42,3443
103,shilly,2,1995-03-04T12:26,1995-05-13T22:14,3129
104,dusan,1280,1991-02-22T19:08,1998-04-03T21:54,250
105,pierre,36,1994-05-08T17:03,1995-06-17T01:13,2409
106,rradojicic,3,1995-04-16T19:26,1995-11-23T15:35,2266
107,uros.v,48,1995-03-17T17:39,1995-10-01T19:32,2196
108,mvuletic,134,1991-03-22T16:54,1995-05-24T12:10,1077
109,jolicm,282,1994-07-23T11:07,1999-10-21T17:43,330
110,rsinisa,21,1995-05-19T22:14,1995-11-21T07:29,2862
111,brus,17,1994-11-23T15:35,1995-11-22T13:49,3061
112,nial,1,1995-12-02T22:03,1995-12-02T22:03,4827
113,soul,208,1995-01-25T00:42,1997-08-20T12:12,1016
114,bosko,115,1994-07-28T11:22,1997-04-27T20:37,1489
115,ljubao,92,1991-05-27T00:49,1993-03-22T19:47,1652
116,lanik,1533,1990-03-24T23:52,1993-04-20T13:32,212
117,madamov,6982,1990-02-07T15:21,1999-08-14T11:21,4
118,radek,23,1992-04-15T19:21,1994-03-15T21:20,2790
119,voskresenski,2,1992-06-13T08:00,1992-06-14T20:22,4523
120,mrbin,106,1992-05-02T19:23,1996-09-21T14:20,1553
121,tigor,177,1992-09-20T14:40,1993-03-07T03:10,1106
122,ognjan,407,1990-04-18T17:08,1995-09-05T10:03,635
123,bojs,435,1990-11-01T00:23,1999-07-25T14:40,600
124,gkod,385,1991-11-20T10:23,1999-11-08T08:18,656
125,drakce,493,1991-04-06T03:15,1996-08-31T22:18,528
126,dherceg,130,1991-02-06T22:03,1995-06-20T12:53,1378
127,ndragan,5752,1991-05-25T22:13,1995-12-09T23:01,9
128,umajstorovic,91,1991-05-22T10:12,1994-08-03T21:05,1654
129,dnikolic,856,1991-08-26T22:30,1993-11-07T11:44,353
130,mkiric,1628,1990-02-01T11:22,1993-09-08T23:06,189
131,michelle,345,1992-09-04T14:25,1996-09-27T14:37,727
132,rakun,8,1992-12-25T22:47,1993-05-12T19:17,3708
133,zodex,5,1993-02-10T07:38,1993-03-18T11:09,4035
134,mislav,200,1992-03-04T22:02,1996-08-03T22:30,1040
135,dzakic,921,1990-11-08T18:15,1999-01-08T04:58,328
136,lmicic,32,1993-03-21T23:27,1995-06-27T22:04,2464
137,zockey,87,1991-01-09T07:23,1995-06-29T22:54,1688
138,predrag,1008,1991-08-24T00:06,1995-02-08T15:46,
139,vmisev,715,1992-03-09T00:54,1995-07-04T15:13,391
140,alekm,30,1990-12-10T14:06,1993-02-16T22:58,2506
141,tyrant,9,1992-09-02T01:03,1993-03-02T02:10,3609
142,bdanilo,23,1992-08-19T14:29,1993-05-10T16:40,1204
143,sbrk,369,1992-08-27T10:56,1996-08-23T06:57,678
144,nenadj,51,1992-11-17T16:58,1999-07-16T05:18,15
145,aleksr,14,1992-11-21T22:05,1993-02-01T02:17,3209
146,boshko,202,1993-03-06T11:29,1996-05-29T22:25,1017
147,asco,11,1992-11-24T10:40,1994-10-05T10:15,3440
148,haevorn,1114,1993-06-18T23:28,1999-08-30T22:39,268
149,markiz,140,1993-07-27T00:23,1999-10-17T23:26,1323
150,svajdic,15,1992-02-03T11:46,1993-11-25T07:41,3171
151,steve,62,1992-03-07T01:30,1992-11-22T02:22,1974
152,angel,141,1991-12-17T19:50,1992-11-16T15:28,1321
153,papion,32,1992-08-28T03:49,1994-02-17T09:05,2465
154,nemanjar,129,1993-03-29T16:12,1993-09-24T17:50,1383
155,dimma,11,1993-02-20T15:38,1993-08-02T11:34,3441
156,sniksic,36,1992-09-29T14:29,1994-05-31T20:45,2410
157,maverick,193,1992-02-12T10:45,1994-02-10T13:16,1065
158,nnenad,106,1992-03-02T23:41,1996-04-17T17:36,1554
159,harley,30,1992-01-22T18:39,1993-03-06T13:41,2507
160,karalics,1,1992-02-04T12:29,1992-02-04T12:29,4828
161,acka,301,1990-07-09T12:22,1996-08-02T18:51,
162,dejanr,13155,1989-10-26T02:25,1995-12-11T04:22,2
163,cgoran,35,1992-09-25T01:11,1993-11-12T02:36,2430
164,sfilip,947,1993-10-17T19:00,1999-12-24T06:19,322
165,astojkovic,235,1993-09-24T01:59,1996-09-24T12:04,947
166,i.a.n.,151,1993-10-13T19:39,1994-03-12T00:52,1244
167,badboy,77,1992-06-23T11:46,1995-02-17T20:17,1774
168,jovca.car,944,1993-12-29T01:30,1996-08-22T03:18,324
169,nradeta,40,1990-01-15T08:34,1995-01-17T19:25,2311
170,zeus,59,1993-12-22T03:20,1994-11-25T01:56,2011
171,beast,359,1990-12-04T21:28,1995-02-08T13:22,
172,slisul,36,1991-10-15T11:46,1992-04-09T20:41,2411
173,iritel,33,1992-03-18T05:53,1996-11-14T11:46,1820
174,stampi,1,1992-04-04T21:34,1992-04-04T21:34,4829
175,iboris,1417,1991-05-17T21:56,1997-06-11T20:30,234
176,nameci,547,1992-05-13T09:22,1995-12-01T08:58,477
177,petkovicd,100,1992-10-14T18:42,1995-09-27T12:49,1574
178,msijanec,28,1992-12-24T21:58,1994-03-10T15:17,2555
179,miha,315,1990-11-25T11:35,1992-04-18T13:33,5800
180,toma,242,1992-06-08T21:57,1996-07-23T23:14,914
181,marko.n,14,1994-02-01T14:39,1994-09-14T23:12,3210
182,cubro,35,1992-12-03T10:54,1994-08-02T05:29,288
183,igor,5,1993-06-06T21:41,1994-01-29T12:43,
184,mscepa,7,1993-10-05T19:37,1995-05-07T15:26,3788
185,ilotina,80,1991-04-18T21:16,1995-11-25T12:34,1754
186,duki,503,1991-01-03T14:02,1996-01-23T15:23,516
187,banusko,471,1992-02-29T01:08,1993-07-22T07:42,562
188,dragoslavr,167,1992-03-14T23:28,1993-08-17T16:39,1180
189,djtom,39,1992-05-30T19:03,1994-09-15T23:37,2344
190,bojt,3386,1989-10-31T00:23,1996-11-03T20:13,46
191,dmajkic,97,1993-01-21T19:28,1996-10-19T11:31,1602
192,fancy,6236,1993-03-15T21:09,1999-11-26T11:22,8
193,mdjordje,7,1993-06-10T16:18,1994-01-18T23:26,3789
194,fangio,2,1993-03-24T22:18,1993-10-13T19:03,4524
195,rajkonja,56,1992-03-09T20:12,1994-05-12T15:55,2058
196,pyramid,223,1993-02-14T15:59,1996-07-28T21:07,980
197,ratko.s,1,1992-08-04T18:23,1992-08-04T18:23,4830
198,bmaaricic,4,1993-05-15T13:20,1993-05-18T10:32,4192
199,vpudar,136,1993-10-15T19:09,1995-04-08T09:14,1336
200,aismaili,29,1992-11-07T18:43,1995-10-22T12:36,2533
201,vitez.koja,3975,1992-06-04T14:29,1999-10-13T02:28,37
202,dexi,376,1991-03-26T08:02,1995-05-31T14:35,661
203,harms,3,1992-03-23T06:49,1992-04-01T22:41,4382
204,tarajce,59,1993-03-22T22:35,1994-12-11T12:16,2012
205,nmilos,10,1993-02-20T19:09,1993-09-06T21:22,3529
206,ddkrunic,3,1994-09-18T12:11,1994-11-24T19:33,4383
207,radosav,231,1994-03-20T15:02,1997-06-16T14:44,957
208,msp.,247,1996-10-11T15:44,1997-09-21T18:21,894
209,inesic,514,1991-12-16T09:56,1995-03-31T07:18,507
210,sammy,20,1994-07-23T22:46,1995-06-14T13:07,2896
211,gstojkovic,16,1992-03-16T20:07,1995-02-18T16:22,3126
212,mkaralic,54,1995-02-28T23:55,1995-09-26T19:05,1153
213,askripka,434,1996-09-21T19:41,1999-10-20T12:56,610
214,gavros,21,1993-12-02T03:03,1995-01-28T16:33,2863
215,jorad,38,1993-10-25T14:16,1995-08-05T14:20,2358
216,lanser,16,1995-04-14T15:07,1995-08-20T08:55,3127
217,mipe,86,1995-04-14T02:02,1995-09-19T14:24,1697
218,chitan,59,1995-03-07T22:15,1996-09-02T14:47,2013
219,mperic,105,1995-09-21T15:56,1996-05-27T19:24,1401
220,vvujacic,6,1995-09-05T21:39,1999-11-30T05:35,1565
221,ranx,1493,1996-09-14T09:45,1998-12-26T08:54,219
222,dragoljub,135,1996-07-24T21:20,1998-09-25T19:29,1342
223,alchemy,15,1997-08-28T01:32,1997-09-24T16:14,3172
224,janko,1939,1992-02-16T09:17,1997-09-03T22:01,141
225,marec,197,1996-03-02T15:15,1996-08-14T07:38,1055
226,olix,82,1994-12-10T04:13,1996-12-02T00:53,1719
227,vasam,54,1997-04-23T20:56,1997-09-03T04:50,2080
228,dsokol,2,1997-04-27T09:07,1997-04-28T10:20,4525
229,m.s.pesic,132,1997-11-14T21:03,1999-11-08T15:32,1375
230,dtadic,274,1991-01-26T16:19,1999-03-13T09:58,847
231,bulsara,30,1996-02-23T11:48,1996-04-04T09:05,2509
232,akragl,13,1992-10-26T22:48,1995-01-15T12:53,3284
233,uploader,15,1994-04-03T13:37,1994-10-03T14:28,3173
234,bdm.,395,1992-02-26T21:14,1994-11-21T21:43,649
235,abicz,4,1994-06-13T01:50,1994-07-23T02:28,4194
236,pzivic,13,1994-09-02T04:16,1995-10-30T20:59,3300
237,bojans,309,1993-04-10T16:08,1999-01-19T10:33,796
238,crncic,1284,1994-04-21T09:27,1998-02-14T02:50,246
239,kraj,5,1995-05-03T05:39,1995-05-18T11:28,4041
240,stefa,12,1995-06-12T01:24,1995-06-27T13:33,7725
241,vlad,2146,1993-02-10T22:13,1997-02-04T19:41,2030
242,sjocic,654,1993-01-07T20:53,1999-12-19T20:18,410
243,matija,1,1995-11-11T20:31,1995-11-11T20:31,4831
244,pvlatkovic,2,1996-05-12T14:23,1996-05-13T07:48,4526
245,mixi,25,1996-08-30T21:17,1997-07-15T04:37,792
246,pavijan,337,1997-08-01T14:06,1999-12-14T21:32,739
247,miksi,2,1999-07-15T09:17,1999-07-16T12:46,778
248,.ben,27,1994-06-19T01:02,1995-01-26T20:23,2590
249,meding,57,1995-03-14T00:08,1997-03-14T13:05,2049
250,dlazar,22,1996-06-01T10:47,1996-09-24T05:20,2829
251,nemanja.,225,1993-11-15T15:23,1994-12-11T10:57,976
252,amos,12,1994-09-19T00:32,1994-10-14T15:01,3361
253,z.velj,101,1994-10-19T00:35,1996-12-10T02:05,1571
254,.hik,125,1994-03-16T12:46,1994-12-03T13:00,1429
255,milanmi,97,1996-05-01T21:26,1997-07-09T15:08,1605
256,suduzeja,1,1994-06-12T07:27,1994-06-12T07:27,4834
257,zamahajev,189,1990-10-07T04:56,1998-10-15T17:44,1070
258,misa.s,2,1994-09-15T18:20,1994-09-30T10:31,3378
259,gavrilpred,24,1996-04-07T17:19,1997-11-07T09:14,316
260,kile,198,1995-05-23T09:46,1996-01-23T14:01,1051
261,darone,3922,1991-03-14T23:16,1997-05-12T13:20,
262,betmen,44,1996-04-05T15:03,1997-05-25T13:17,2131
263,banos,43,1997-04-04T15:31,1999-02-21T15:06,138
264,kovacevicd,90,1994-01-13T08:03,1998-07-12T09:55,1672
265,dorio,2,1997-05-16T15:39,1998-04-09T01:04,4131
266,pvlada,945,1996-06-15T10:50,1998-03-23T11:15,323
267,cironimo,5,1994-07-19T20:55,1995-04-03T21:30,2851
268,mapras,1,1994-08-21T22:33,1994-08-21T22:33,4835
269,buncic,26,1992-10-19T07:07,1995-08-03T21:35,2637
270,zzivotic,215,1989-11-12T00:11,1995-11-05T23:19,1009
271,ikordic,1442,1994-07-06T15:35,1996-04-23T09:35,217
272,dconkic,1,1995-04-24T10:21,1995-04-24T10:21,4836
273,smaya,1,1995-12-03T19:59,1995-12-03T19:59,4837
274,valex,395,1995-05-17T20:50,1997-01-24T09:11,496
275,simeon,15,1996-06-29T09:38,1997-03-20T19:33,3175
276,hill,16,1996-12-28T16:36,1999-08-10T11:12,3128
277,zbrankovic,1,1994-12-22T18:32,1994-12-22T18:32,4838
278,garderp,131,1992-07-19T15:13,1993-04-05T08:12,1377
279,jtitov,1275,1990-07-17T21:31,1993-11-23T12:19,260
280,robert,1052,1991-02-13T17:39,1994-07-22T05:10,289
281,bulaja,3561,1990-04-22T15:11,1996-12-01T18:15,42
282,markma,216,1992-04-20T08:46,1993-11-05T14:43,993
283,mstanic,376,1992-06-02T21:12,1994-02-12T00:55,662
284,nesaburbon,132,1992-11-24T06:45,1995-09-07T16:31,1374
285,funky,932,1992-11-12T00:02,1998-12-16T08:04,325
286,peacock,1083,1992-07-15T11:37,1997-10-21T06:14,271
287,mjova,1429,1990-10-10T13:48,1995-12-10T09:42,
288,adzem,172,1992-05-24T18:39,1995-12-09T22:52,1136
289,bojanp,256,1989-11-15T00:57,1993-12-14T00:29,873
290,zkrstic,1030,1991-11-15T12:26,1996-11-29T01:44,296
291,cet.nesa,22,1992-12-06T08:45,1993-04-22T08:20,2010
292,feniks,449,1990-11-30T18:56,1997-10-26T21:03,597
293,kareem,52,1992-11-07T01:25,1993-02-19T22:14,2119
294,peca.st,1344,1992-12-20T23:42,1994-12-10T13:42,240
295,ssokorac,2545,1991-11-25T13:51,1993-09-27T20:45,102
296,stojke,43,1992-07-01T23:06,1995-04-28T16:55,2259
297,skoprivica,677,1991-11-16T21:20,1993-07-15T00:05,399
298,ilazarevic,4622,1990-06-29T19:22,1996-11-24T21:36,13
299,bearboy,1956,1991-10-31T21:21,1994-09-07T23:26,133
300,nikolas,260,1992-11-14T23:47,1993-03-06T16:23,870
301,nboskovic,748,1991-02-14T02:29,1995-12-08T07:19,382
302,wizard,3873,1992-02-27T16:49,1995-12-10T04:22,38
303,d.petrovic,1121,1992-08-06T18:43,1995-12-12T00:51,267
304,pedjak,624,1992-12-20T19:19,1996-11-17T11:30,442
305,radislav,2,1993-01-06T09:37,1993-01-11T12:16,4275
306,ssasa,100,1992-04-19T16:46,1993-02-15T10:30,1576
307,vasic,482,1991-11-26T22:47,1999-03-20T18:28,554
308,bcetina,156,1991-05-12T21:09,1995-03-26T16:01,1224
309,valeksa,191,1992-12-16T21:35,1995-06-09T12:09,1067
310,dragisak,687,1990-06-07T10:32,1996-08-19T17:35,396
311,zonjic,665,1991-03-27T20:10,1994-11-23T01:17,405
312,spantic,8954,1991-09-06T22:01,1999-02-27T12:16,3
313,zsiz,367,1991-02-16T04:29,1999-10-18T18:26,680
314,ogiglisic,66,1992-05-27T02:02,1995-03-10T12:40,164
315,drmarke,107,1992-09-23T21:42,1993-06-13T21:53,1549
316,visnja,184,1993-01-25T05:17,1996-09-22T13:08,1091
317,dekiper,117,1993-03-16T20:17,1994-09-28T15:58,1478
318,nkbog,494,1991-04-14T13:33,1995-09-25T15:24,527
319,sirius,6,1992-12-14T15:08,1995-08-24T09:39,3897
320,asterix,683,1993-02-08T01:06,1996-04-07T20:55,398
321,corto,3268,1993-03-08T22:54,1997-05-07T10:05,47
322,cnenad,3680,1993-05-05T12:56,1997-09-20T17:22,40
323,ganta,344,1993-03-21T05:15,1995-11-27T01:36,728
324,bstevan,94,1991-05-11T12:57,1997-05-07T12:44,541
325,dr.grba,7952,1992-11-27T10:35,1999-07-20T07:46,6
326,drpr,812,1991-11-07T11:53,1995-12-10T02:42,357
327,vstan,3111,1992-11-08T15:43,1999-12-21T01:17,50
328,djelovic,1606,1991-05-06T10:59,1996-01-24T10:02,191
329,skerl,498,1992-12-01T21:41,1995-06-23T05:14,526
330,yowo,32,1992-08-15T15:02,1994-02-19T20:02,2043
331,vsasa,90,1992-12-03T11:42,1995-11-29T14:00,1076
332,dsoskic,631,1992-01-20T09:37,1996-03-06T09:15,422
333,mnikolic,1066,1989-12-09T19:01,1997-11-01T13:32,273
334,boravuk,28,1993-01-07T17:26,1993-03-27T18:38,2556
335,snemcev,1387,1991-02-20T00:19,1997-09-21T13:57,235
336,isekulovic,1069,1991-08-07T20:24,1997-05-14T08:28,272
337,todorp,331,1991-08-26T16:06,1994-08-20T19:17,744
338,didldi,60,1993-01-13T16:57,1993-10-16T07:45,1989
339,spale,681,1992-01-18T21:15,1996-03-04T19:56,400
340,kenza,1387,1992-07-29T20:51,1999-10-27T08:35,236
341,bbaja,995,1992-11-07T06:40,1994-03-18T07:07,320
342,rooster,17,1993-01-27T11:49,1993-04-21T06:17,3058
343,kale,796,1990-02-23T00:48,1995-07-26T21:27,360
344,jmilovic,177,1991-03-04T14:46,1995-12-07T04:11,1105
345,airbus,17,1994-03-16T19:03,1998-04-24T18:52,3063
346,djorzor,219,1990-09-12T15:09,1995-12-02T17:44,986
347,reggie,17,1994-12-27T19:16,1995-01-21T07:37,3064
348,djuk,100,1995-01-03T14:45,1996-05-15T13:32,1577
349,snoopy,1,1995-08-22T09:59,1995-08-22T09:59,987
350,miste,60,1996-08-02T14:07,1997-07-01T16:04,1992
351,gkosta,515,1997-03-06T22:53,1999-07-18T00:56,222
352,ica.z,392,1997-03-24T23:36,1999-12-23T23:45,650
353,dzej,55,1997-11-01T10:58,1999-07-04T09:35,2074
354,balinda,5540,1990-02-27T20:50,1999-08-11T08:00,12
355,mornar,122,1992-07-11T22:03,1994-06-29T21:13,1438
356,zorani,219,1992-11-08T17:47,1996-12-01T14:15,988
357,mrajacic,90,1992-06-17T13:54,1995-07-02T13:29,1673
358,zkehler,925,1991-07-01T05:59,1995-01-30T02:33,327
359,dj.rainovic,149,1991-08-16T13:45,1995-11-30T21:03,1249
360,bduke,33,1992-11-25T15:12,1993-11-18T13:48,1231
361,ivans,306,1991-03-22T06:28,1993-06-19T14:45,805
362,petrovics,435,1992-11-23T00:08,1995-12-06T16:19,609
363,pmijat,55,1993-01-19T09:00,1993-05-12T11:11,2075
364,hohlacov,12,1991-07-06T13:44,1993-02-04T00:16,3359
365,zdimic,95,1991-04-17T08:14,1995-11-14T08:45,1619
366,aswanwick,33,1993-02-12T22:08,1994-03-13T17:52,577
367,svlada,7,1993-02-24T07:04,1997-11-05T09:06,201
368,lord.pilot,5,1993-01-30T21:11,1993-05-01T14:40,4045
369,vlasta,181,1990-07-18T23:13,1995-06-06T15:22,1096
370,terza,250,1990-10-13T13:44,1995-12-02T10:40,885
371,zandric,156,1992-08-16T14:55,1996-03-16T18:48,1228
372,milos,38,1993-07-27T19:14,1993-10-20T19:35,2364
373,ajankovic,146,1992-10-13T10:25,1994-12-10T19:28,1269
374,bobo,13,1993-05-25T19:06,1995-11-30T18:17,1807
375,abica,25,1993-11-20T19:06,1996-03-14T17:15,2701
376,kesha,20,1993-07-27T14:58,1993-12-10T06:53,2897
377,brole,12,1993-11-20T01:38,1994-10-22T10:54,3360
378,oldtimer,737,1993-07-02T19:53,1997-08-22T17:05,386
379,paki,1744,1992-12-15T20:46,1996-03-13T08:55,181
380,nkrgovic,93,1993-05-24T17:34,1996-03-21T13:55,1645
381,adj.joe,117,1993-07-13T20:32,1995-11-03T07:28,1479
382,zormi,2251,1989-12-03T22:26,1998-11-24T15:24,110
383,fatman,51,1994-02-17T12:23,1994-07-06T07:30,2127
384,danilo,164,1992-12-04T21:27,1997-08-24T20:46,1191
385,driks,85,1993-11-13T00:52,1997-02-24T06:50,1702
386,bastijan,28,1994-05-21T12:56,1994-07-27T15:55,2557
387,zurzul,510,1994-07-26T00:21,1996-03-18T00:04,508
388,kuki,537,1991-11-22T05:06,1996-08-01T01:42,479
389,boccaccio,225,1994-01-21T06:45,1994-08-11T23:14,977
390,fifana,437,1994-08-13T14:13,1995-04-28T10:56,608
391,bpekic,41,1994-05-26T16:13,1995-03-20T21:38,1809
392,gonzo,238,1994-08-03T12:55,1997-06-22T19:21,941
393,galimpic,276,1994-11-01T08:51,1996-09-12T11:29,839
394,aleksj,175,1992-10-19T20:53,1995-04-18T14:10,1111
395,hose,307,1994-03-12T23:51,1996-11-10T16:09,798
396,vlador,751,1994-09-10T13:26,1996-12-29T02:37,377
397,kant,403,1995-08-24T12:09,1999-01-18T17:05,91
398,zeljkoj,2424,1994-08-23T18:47,1999-11-27T01:09,105
399,stanic,129,1994-10-16T18:07,1996-02-29T16:01,1384
400,jeremy,112,1995-06-23T00:54,1996-08-07T12:05,1515
401,satriani,15,1995-10-07T21:51,1996-02-08T11:18,3176
402,peccaa,91,1996-03-08T20:09,1997-03-13T05:54,1655
403,zvjezdan,4,1997-04-21T21:48,1997-05-13T06:24,4193
404,jjerry,652,1997-02-22T14:37,1999-12-17T14:36,134
405,lexus,3405,1995-11-19T09:17,1997-04-16T19:36,45
406,tomislavr,199,1996-01-20T16:49,1998-07-11T13:47,1034
407,sall,93,1996-06-09T23:32,1997-03-08T16:27,766
408,plovput,135,1996-01-31T02:46,1996-06-13T16:18,1361
409,vica,72,1995-09-28T17:57,1999-05-10T17:43,878
410,byte,98,1995-10-22T17:43,1999-12-14T19:00,1599
411,supers,5784,1994-08-26T21:01,1999-12-23T08:00,10
412,junior,4577,1995-08-19T18:18,1999-12-21T11:41,35
413,schef,2339,1995-09-15T23:05,1998-07-05T17:43,108
414,micotakis,588,1993-03-19T09:55,1996-09-04T21:02,454
415,mmarkovic,1437,1992-11-11T22:48,1998-06-23T11:54,218
416,djlatko,60,1996-04-21T04:44,1996-08-08T03:00,1990
417,mcule,464,1990-11-10T17:50,1999-11-17T13:03,564
418,dr.s,566,1996-03-06T01:15,1997-05-03T23:09,468
419,dizel,2394,1995-07-03T03:27,1997-05-06T00:30,106
420,marco,577,1994-09-03T19:53,1998-05-21T10:16,456
421,kum.djole,5195,1994-06-08T23:29,1999-12-18T21:51,11
422,velicko,645,1994-09-13T15:00,1997-04-16T06:36,415
423,mire,167,1996-05-28T13:22,1999-12-23T22:32,712
424,babbage,409,1995-01-27T16:01,1996-06-13T13:28,619
425,pixel,193,1996-01-19T11:02,1999-11-17T09:31,1066
426,ntadic,308,1996-05-28T12:09,1999-10-29T12:24,797
427,pavlovicz,239,1995-05-24T11:15,1996-06-15T00:13,940
428,ketama,49,1996-03-14T16:12,1997-06-14T07:36,2186
429,tasman.djavo,22,1996-06-13T09:44,1996-11-06T13:09,2830
430,superhik,1925,1994-04-19T08:57,1999-01-27T11:18,154
431,hercog,3395,1991-12-02T23:49,1999-12-23T18:25,43
432,budim,2872,1995-10-21T16:57,1997-04-11T21:31,79
433,firus,1342,1996-05-12T17:18,1998-02-06T19:32,241
434,giovanni,1657,1995-12-08T23:29,1999-11-20T19:48,28
435,space.ace,826,1995-08-07T19:14,1997-09-26T18:48,356
436,meric,434,1992-12-29T08:00,1996-11-29T13:45,612
437,mila,143,1996-06-03T00:05,1996-12-24T07:28,6980
438,baker,749,1996-06-12T23:57,1997-08-24T19:58,381
439,sale.car,696,1996-04-30T13:12,1999-03-03T15:43,395
440,zokipo,29,1996-07-21T15:13,1997-04-18T15:16,2532
441,zokig,123,1994-10-24T21:34,1996-09-28T02:53,1435
442,reader,7,1996-08-09T21:57,1996-10-09T13:32,3790
443,dbambi,1670,1995-06-22T15:37,1999-10-02T09:07,187
444,devil,20,1996-06-22T11:32,1997-11-16T19:06,2898
445,kaiser,167,1996-01-19T01:37,1996-08-30T13:07,1185
446,nikola.s,514,1996-08-09T20:54,1999-12-21T21:05,505
447,zoxy,254,1995-09-29T02:37,1999-01-11T02:05,875
448,ividicki,97,1996-08-15T21:12,1998-11-11T12:52,1606
449,payce,314,1996-02-04T10:19,1999-04-15T07:49,777
450,ognjen,1921,1993-01-26T14:59,1998-07-20T16:35,156
451,apostol,928,1995-06-13T10:47,1999-12-23T18:09,326
452,jegor,377,1994-06-25T23:29,1996-06-25T13:33,660
453,baster,37,1996-05-01T00:30,1996-10-17T10:18,2391
454,karioka,2,1996-06-16T10:57,1996-06-18T11:21,4527
455,guta,3094,1995-05-02T18:41,1998-08-27T10:17,52
456,borisl,75,1996-07-20T13:31,1997-06-03T01:06,1801
457,basrak,1145,1995-03-07T20:01,1999-03-17T19:42,266
458,crnjini,272,1994-10-25T14:19,1996-09-22T21:28,850
459,the.edge,2084,1996-07-24T14:41,1999-12-23T17:19,130
460,maancha,63,1996-08-03T14:40,1997-07-01T14:24,950
461,sqweaky,145,1996-05-19T21:33,1999-10-22T12:06,1273
462,dselic,456,1996-01-19T12:15,1999-11-25T20:03,590
463,user,88,1996-09-13T23:14,1999-01-13T11:27,1685
464,mboban,655,1994-04-18T17:49,1997-02-05T01:52,411
465,goro.dva,1,1996-09-15T03:35,1996-09-15T03:35,3536
466,loco,48,1996-07-08T15:08,1996-11-22T20:50,2197
467,chip,47,1996-06-19T16:03,1996-12-10T21:17,2218
468,mikeman,209,1996-06-27T20:53,1997-11-22T02:10,1010
469,bjevtic,56,1995-08-16T11:20,1996-10-13T04:00,2059
470,acrnjin,49,1996-09-24T17:38,1996-11-21T08:03,2190
471,leah,2,1996-09-30T13:35,1996-10-16T17:59,4528
472,slalevic,47,1995-02-02T17:40,1997-02-27T18:27,2219
473,miko,404,1992-03-30T19:16,1998-09-30T21:51,101
474,dekili,13,1996-10-04T11:26,1996-10-10T15:31,3301
475,mileusna,1693,1994-11-16T17:31,1999-02-14T22:06,185
476,buva,459,1996-09-21T08:06,1999-12-20T21:31,568
477,vojas,76,1994-08-30T17:55,1997-02-07T17:47,1784
478,lena,144,1996-03-11T10:42,1999-11-17T08:03,1276
479,sidjo,49,1996-04-15T10:59,1996-10-12T14:57,2189
480,killing.machine,1,1996-10-13T01:05,1996-10-13T01:05,1886
481,river,232,1996-10-20T12:18,1997-05-06T11:21,954
482,fiend,10,1996-10-06T21:50,1996-12-01T22:21,3528
483,zlatibor,155,1996-10-27T14:23,1997-01-03T12:56,1233
484,ilijam,9,1996-10-26T14:30,1997-04-04T16:29,2779
485,drejk,273,1996-10-16T18:31,1999-12-22T07:51,849
486,olio,557,1995-09-02T23:41,1999-10-19T12:38,473
487,simce,524,1996-09-11T11:13,1999-12-22T23:32,503
488,ssrdjans,130,1995-01-13T21:11,1996-12-15T20:27,1379
489,n.ceh,548,1995-07-23T01:01,1998-01-27T11:19,476
490,darth.vader,685,1996-09-19T19:23,1999-04-29T23:02,397
491,sprej,1,1996-12-21T16:49,1996-12-21T16:49,144
492,luckyluciano,73,1996-12-17T02:07,1997-01-15T05:43,1840
493,dule.n,590,1996-09-03T22:16,1999-06-24T09:21,451
494,maestro,2,1993-10-24T12:50,1997-01-10T16:40,4529
495,skorpion,86,1996-12-13T02:10,1997-02-16T06:20,1698
496,goksi,2,1997-01-17T01:06,1997-01-25T01:36,2814
497,fortuna,109,1996-11-18T14:12,1997-01-21T03:01,769
498,stukelj,306,1996-11-12T14:36,1999-12-24T09:00,807
499,ancha,234,1996-07-19T13:58,1999-11-22T22:08,717
500,dekik,329,1995-01-17T11:25,1997-08-30T13:35,748
501,vukasin,4,1997-02-07T11:16,1997-02-14T09:28,1196
502,mrsan,13,1997-02-07T14:58,1998-01-04T18:24,3304
503,aljosa.obuljen,48,1997-02-05T10:42,1999-01-29T16:14,2198
504,endi,44,1997-01-24T23:32,1999-10-20T01:32,2240
505,nethsah,138,1997-02-08T20:14,1997-05-02T16:40,767
506,dusandz,66,1997-02-22T21:29,1999-11-20T21:19,247
507,mirkomi,270,1996-11-24T12:10,1999-11-29T20:28,851
508,doca,28,1997-01-25T22:42,1997-09-01T07:49,2558
509,gioblin,42,1997-02-24T04:12,1999-12-17T15:15,87
510,mango,1879,1996-05-24T20:17,1999-12-23T19:20,178
511,dr.iivan,2134,1996-02-10T21:26,1999-11-19T04:30,131
512,geronimo,633,1997-01-29T22:39,1998-01-26T13:58,439
513,esty,16,1995-11-16T14:15,1997-03-19T15:37,3130
514,mikson,85,1997-03-01T23:59,1998-02-25T21:43,1705
515,giob.,19,1997-02-17T04:38,1999-12-22T14:13,86
516,morkin,2213,1996-10-28T21:39,1999-12-24T09:08,129
517,swix,531,1997-02-21T16:15,1997-08-06T23:42,500
518,mikelle,1,1997-03-25T10:43,1997-03-25T10:43,3580
519,gmatic,1151,1997-03-20T18:37,1997-11-01T14:19,265
520,sani.,893,1996-10-24T10:09,1999-12-21T23:06,348
521,lija,20,1997-02-11T16:35,1998-03-14T13:56,2900
522,strider,229,1996-04-12T18:54,1998-04-13T07:07,974
523,srkili,6,1997-04-19T19:48,1997-04-25T08:09,3100
524,markok,118,1997-04-16T22:09,1997-06-08T08:40,1465
525,mika,247,1997-03-02T00:43,1999-08-12T15:03,88
526,zippel,16,1997-04-22T18:43,1997-05-12T17:37,3131
527,zemljak,18,1997-04-16T14:07,1997-06-05T13:49,3016
528,goth,609,1997-01-18T13:48,1999-06-04T11:46,448
529,alec,337,1996-09-14T23:32,1999-10-08T17:38,736
530,gligo,1430,1997-04-26T22:29,1999-12-17T21:23,221
531,boccio,103,1997-04-29T08:49,1997-09-23T08:10,1564
532,sane,216,1993-11-13T14:28,1999-11-28T15:49,19
533,emajsijuen,433,1997-01-01T09:59,1999-12-18T13:01,611
534,zwer,5,1997-04-20T21:02,1997-06-07T09:38,4046
535,thor,3,1997-06-07T01:15,1997-06-28T21:30,159
536,neetzach,150,1997-05-03T11:20,1997-10-24T22:21,762
537,vule.,237,1997-05-25T19:32,1999-11-24T19:07,948
538,saint,1318,1997-08-07T13:28,1999-11-15T08:30,243
539,baldrick,224,1996-06-03T21:18,1998-10-27T18:02,979
540,raikhan,42,1997-06-26T22:28,1998-03-14T18:06,2291
541,tdejan,14,1996-10-09T23:30,1997-11-19T14:50,3211
542,voyager,127,1997-09-09T18:14,1999-08-29T13:48,1409
543,tupac,1,1997-09-30T22:24,1997-09-30T22:24,4839
544,plejboj,178,1997-09-28T11:38,1999-09-23T12:16,1104
545,qpele,976,1996-09-19T14:16,1999-09-14T07:14,301
546,fantom,156,1997-05-15T20:12,1998-03-04T18:39,1226
547,radomir,43,1997-05-28T15:02,1997-11-19T00:52,2260
548,vlsadr,53,1997-02-22T12:10,1997-11-16T10:11,2102
549,zla.,365,1997-10-08T13:13,1999-11-13T14:49,700
550,niko.,150,1997-07-05T09:03,1999-10-25T21:07,1247
551,bokir,222,1996-06-23T19:53,1998-07-05T14:41,983
552,lboki,724,1997-08-23T12:53,1999-12-20T10:57,387
553,outlaw,215,1997-10-13T10:24,1999-09-09T20:45,622
554,gawra,9,1997-10-14T09:43,1999-10-14T09:33,3610
555,popovics,807,1997-09-10T20:26,1999-11-07T14:56,358
556,ivkeb,249,1997-01-26T21:37,1999-11-28T12:25,892
557,bovi,170,1997-10-24T21:15,1999-08-14T12:12,1164
558,wladar,3,1997-10-31T11:39,1999-04-26T21:55,308
559,vector,728,1997-01-01T21:43,1999-07-27T12:25,306
560,ultra.boy,162,1997-08-15T00:14,1999-09-06T19:23,117
561,ddrasko,22,1997-05-06T18:29,1999-03-11T17:14,2831
562,trooper,217,1997-11-25T22:36,1999-04-27T19:46,991
563,aladine,306,1997-06-06T00:34,1999-11-15T00:10,806
564,lana.m,67,1997-08-16T16:09,1999-11-07T17:37,1818
565,lepi.dzimika,4,1997-12-06T16:07,1999-02-27T00:28,446
566,ruby.rod,184,1997-11-25T07:56,1999-09-04T12:26,1088
567,dzim,616,1997-03-21T21:13,1999-12-21T22:19,445
568,janav,1,1997-12-26T23:09,1997-12-26T23:09,4483
569,corgan,546,1997-12-28T10:11,1999-12-23T17:10,92
570,spaceman,123,1997-02-24T23:57,1998-02-28T15:03,1437
571,conte,10,1997-12-27T12:23,1998-02-03T13:51,3530
572,bastion,481,1997-08-22T22:50,1999-11-05T15:17,559
573,noay,360,1997-12-08T22:23,1999-10-23T10:59,20
574,antisepsa,17,1998-01-03T13:01,1998-01-31T14:25,65
575,jujo,573,1997-12-30T16:37,1998-10-21T18:18,462
576,chill,1053,1996-11-08T15:38,1999-09-06T02:04,274
577,gucy,764,1996-02-06T13:40,1999-08-13T10:30,369
578,malix,9,1997-12-16T17:30,1998-02-16T20:38,3611
579,miloscar,119,1997-03-11T18:49,1998-04-21T14:34,1462
580,vlarad,92,1997-12-28T22:19,1998-09-29T09:40,495
581,gytar,36,1997-12-04T19:43,1999-09-16T19:50,2412
582,.isidora.,4,1996-05-31T12:50,1999-01-06T16:08,4195
583,hooligan,49,1998-02-22T11:31,1999-07-20T18:17,2191
584,mare,29,1998-03-05T00:20,1998-05-18T07:57,2535
585,ralex,33,1997-08-30T05:16,1998-03-15T08:23,2453
586,dea.,71,1998-03-09T18:28,1999-04-21T01:28,1866
587,juice,562,1996-12-12T12:00,1999-06-05T10:12,471
588,naca,47,1998-02-02T13:26,1998-05-11T11:45,
589,vlada.,21,1997-12-11T09:51,1999-03-31T11:47,489
590,kiki,922,1997-12-22T21:32,1999-10-15T08:26,329
591,goo.g,56,1998-03-08T12:26,1999-10-31T18:03,2061
592,cvetkovics,25,1998-04-24T17:14,1998-07-14T14:34,2702
593,nebco,41,1998-04-19T12:44,1998-07-28T11:08,1854
594,tile,75,1996-08-31T08:54,1999-09-07T10:43,486
595,sherloc,554,1997-11-30T08:39,1999-12-23T11:45,85
596,shegoterach,38,1998-04-17T05:09,1999-06-26T15:00,2359
597,misery,202,1998-05-01T17:29,1999-12-19T20:31,1018
598,mihailod,176,1996-08-24T17:14,1998-06-16T21:06,784
599,snejk,7,1997-12-31T01:50,1999-08-21T15:59,16
600,pperica,529,1997-08-19T20:31,1999-10-28T23:25,501
601,krsta,376,1995-09-07T20:31,1999-11-23T20:01,664
602,kec.,99,1998-04-27T01:16,1999-03-29T12:21,1594
603,kojai,329,1997-10-16T19:35,1999-11-29T02:37,750
604,curt.cobain,20,1998-06-09T07:28,1998-07-03T09:45,
605,deyan,28,1998-05-11T21:53,1998-08-03T15:01,2559
606,king.diamond,80,1998-06-13T16:08,1998-09-10T20:15,623
607,boyaan,99,1998-04-17T10:41,1998-09-01T10:42,1595
608,legolas,1101,1997-03-31T17:33,1999-12-14T19:13,119
609,irena,14,1998-06-27T22:29,1999-07-23T11:43,3212
610,poulos,633,1998-03-26T13:26,1999-07-15T16:29,440
611,iggi,23,1998-02-18T22:13,1998-07-27T12:06,2789
612,vlada.z,14,1998-06-30T13:25,1999-07-03T10:02,124
613,staos,43,1996-02-27T16:19,1998-12-14T10:39,2275
614,jpedja,105,1997-05-24T12:44,1999-08-05T12:16,1559
615,chadra,256,1995-09-19T18:57,1999-11-25T22:48,872
616,ljiljam,64,1997-09-12T14:16,1999-02-18T11:24,1633
617,bkisic,11,1998-05-27T10:10,1998-07-09T17:23,3442
618,stemil,175,1998-05-10T07:22,1999-11-25T13:28,56
619,vvaske,179,1998-05-11T05:38,1999-12-23T13:48,1103
620,rdejan,381,1996-03-27T11:16,1999-11-16T04:08,657
621,slick,136,1993-03-05T12:11,1999-06-15T10:06,1337
622,.dag.,34,1998-06-30T12:29,1998-08-01T19:39,315
623,dejan.g,13,1998-07-10T19:46,1999-03-11T08:32,3305
624,ultracool,8,1998-07-28T14:09,1998-08-15T01:49,3707
625,djika,6,1998-06-17T15:35,1998-10-27T14:02,1278
626,karakondzula,51,1998-08-02T09:00,1999-11-17T11:24,1143
627,mure,4,1998-08-21T15:53,1998-08-28T19:16,4196
628,black.adder,8,1998-08-24T20:36,1998-09-15T06:49,3709
629,mperisic,41,1998-08-25T14:45,1999-05-12T09:22,1391
630,imandic,265,1990-07-18T20:12,1998-10-29T08:04,864
631,ztasic,374,1996-11-02T00:00,1999-07-05T19:01,675
632,pips,318,1994-03-25T13:30,1999-12-23T18:30,774
633,miskop,2991,1996-12-13T18:36,1999-12-24T09:05,76
634,ladan,1,1998-09-26T12:29,1998-09-26T12:29,494
635,argos,113,1998-08-17T22:32,1999-12-22T21:00,1513
636,weeasebeeth,7,1998-10-06T09:07,1998-10-22T17:47,2283
637,sick.bastard,24,1998-09-10T11:45,1998-11-03T09:59,
638,jelena.,76,1998-10-07T11:13,1999-08-24T23:08,1275
639,rkramer,911,1993-02-25T13:34,1999-12-23T12:01,276
640,phillipov,71,1998-11-12T14:27,1998-12-28T09:06,
641,rades,660,1997-01-10T12:46,1999-12-15T19:31,54
642,papa.smurf,216,1998-11-16T11:35,1999-12-23T16:10,994
643,gdown,290,1998-08-18T20:11,1999-12-22T15:57,834
644,ian.stuart,184,1998-12-14T09:17,1999-07-18T17:05,1089
645,joke,52,1998-01-07T22:24,1999-07-29T20:35,2120
646,goxi,511,1996-12-03T18:33,1999-12-23T19:04,506
647,shoom,133,1998-03-13T00:34,1999-12-18T15:06,1365
648,rotten,76,1998-12-14T14:48,1999-06-19T10:45,1786
649,du.lait,28,1999-01-16T01:12,1999-10-26T07:23,2560
650,psyho,12,1999-01-17T15:02,1999-09-06T07:51,418
651,rmilos,130,1997-07-18T20:00,1999-10-31T13:54,1380
652,ivan,100,1990-10-08T11:22,1999-02-20T19:06,7913
653,max.,54,1997-11-09T13:20,1999-11-17T11:20,2081
654,bog.,12,1997-10-01T20:48,1999-11-17T11:25,3362
655,indi,756,1998-11-04T22:15,1999-10-26T20:10,374
656,fear,13,1999-01-28T16:28,1999-11-18T18:53,3306
657,wlaad,144,1998-10-24T11:37,1999-09-29T13:02,115
658,imangovski,246,1995-12-09T13:19,1999-08-11T18:46,179
659,paranoiac,28,1998-08-15T22:22,1999-08-23T22:08,1877
660,rebel,45,1996-11-03T20:01,1999-10-31T14:22,2233
661,bilder,48,1996-03-23T00:16,1999-09-01T00:40,2199
662,poison.ivy,38,1999-01-06T17:30,1999-07-11T16:55,1590
663,bracha,70,1999-03-22T11:37,1999-12-23T09:25,1869
664,zla.tindza,45,1999-01-06T15:50,1999-07-22T00:33,701
665,fraudator,281,1999-02-04T11:45,1999-11-29T11:23,684
666,jovanica,2,1999-05-09T18:09,1999-05-13T13:33,2474
667,mrav,95,1997-12-01T19:00,1999-10-16T22:44,683
668,hanis,21,1999-01-27T08:40,1999-10-20T08:16,2866
669,saxon,399,1995-10-04T09:59,1999-11-01T10:58,647
670,obren,1535,1992-03-03T21:44,1999-12-17T00:33,196
671,roach,241,1999-03-11T17:32,1999-12-23T03:23,928
672,smars,158,1996-11-24T16:05,1999-10-12T11:09,1220
673,milko,76,1996-09-24T19:20,1999-10-20T21:41,1787
674,karlos,108,1998-05-25T17:53,1999-11-23T23:03,1538
675,pack,124,1999-01-07T20:25,1999-10-19T13:07,1431
676,giftmaster,187,1999-03-25T18:24,1999-11-26T21:54,1084
677,darklord,78,1999-01-20T20:34,1999-12-14T13:29,1308
678,dark.knight,1,1999-07-06T21:47,1999-07-06T21:47,551
679,manki,9,1999-07-11T11:21,1999-09-15T20:31,2401
680,lmicha,108,1997-10-05T16:34,1999-07-29T14:20,1539
681,sergio.,84,1998-09-18T01:13,1999-11-15T22:45,1708
682,shone.,23,1999-07-15T17:58,1999-12-18T22:11,22
683,ivke,188,1997-07-12T13:12,1999-12-22T22:45,1087
684,philippus,223,1999-03-19T18:02,1999-12-21T20:18,981
685,sherman,94,1999-07-17T09:54,1999-11-21T09:49,531
686,low.dog,9,1999-07-09T22:26,1999-10-29T13:46,3612
687,moonchild,225,1999-02-03T06:10,1999-11-29T16:37,978
688,sonny,53,1998-03-21T14:47,1999-09-22T17:05,2103
689,vampire,136,1999-04-26T12:40,1999-12-20T13:54,621
690,hrka,28,1999-02-03T21:54,1999-08-14T20:23,1876
691,shan,11,1999-08-10T11:05,1999-12-18T22:01,3002
692,nico,39,1997-01-16T12:08,1999-10-20T18:31,2345
693,jony,3,1999-01-11T02:34,1999-08-22T22:02,3436
694,jexy,156,1996-10-02T22:36,1999-10-02T22:39,1227
695,rina,6,1999-02-12T20:57,1999-09-05T10:05,3899
696,elmeritza,13,1999-09-04T17:40,1999-12-20T13:54,1942
697,willow,492,1995-08-10T13:47,1999-11-23T01:17,529
698,.lex.,59,1999-09-05T08:54,1999-12-23T12:10,2014
699,illusion,67,1998-03-16T13:36,1999-09-30T18:45,682
700,balkan.boy,69,1999-08-14T11:56,1999-12-14T19:23,1875
701,simke.,13,1999-08-19T18:00,1999-12-22T15:53,3310
702,galee,23,1999-10-05T18:52,1999-12-16T09:12,2792
703,robin.hood,67,1999-03-18T11:56,1999-12-17T16:01,1905
704,leech,2,1999-11-27T21:24,1999-11-28T18:30,4530
705,igors,77,1993-12-26T07:14,1999-08-21T10:27,1777
706,koky,120,1995-03-24T12:11,1997-04-05T11:03,1460
707,antun,7,1996-06-30T16:58,1997-01-10T16:23,2154
708,bokili,61,1996-03-18T02:37,1997-09-21T11:44,1984
709,nosferatu,14,1998-09-30T23:08,1998-10-17T19:48,513
710,sivek,22,1998-01-23T21:47,1998-11-05T23:44,2832
711,aljosa,11,1997-10-13T20:34,1998-10-04T23:38,3448
712,lea.,16,1998-09-16T19:36,1999-05-17T16:42,3132
713,tamba,3,1998-11-01T18:18,1998-12-19T21:19,4385
714,gasha.,10,1997-12-17T20:30,1998-12-21T20:52,3244
715,nikolaj,196,1997-12-10T13:23,1999-03-10T21:57,1056
716,stex,109,1998-10-25T14:04,1999-11-09T14:29,535
717,astronom,18,1997-12-11T21:04,1999-03-25T00:48,98
718,file,23,1999-01-06T22:36,1999-11-13T22:12,2793
719,poll,38,1997-11-14T22:52,1999-11-27T17:29,2367
720,bsto,83,1997-02-12T12:57,1999-12-20T17:54,1713
721,mwwa,10,1998-11-21T15:59,1999-05-21T19:47,3073
722,del.boy,14,1999-01-08T15:48,1999-09-10T14:52,3214
723,mortimer,1,1999-04-25T21:49,1999-04-25T21:49,4840
724,ttesla,20,1995-02-28T17:36,1999-05-13T22:00,1036
725,killboy,50,1999-04-30T20:28,1999-07-19T15:39,2152
726,nikola.,3,1999-04-21T14:00,1999-05-21T09:51,3078
727,zeko,12,1999-05-16T10:31,1999-09-10T16:23,1919
728,zafa,78,1999-03-01T13:38,1999-09-14T16:05,1767
729,sandokan,242,1999-01-20T04:30,1999-11-28T14:19,926
730,milos.d,6,1997-12-17T20:44,1999-07-31T23:09,2360
731,gio.,1,1999-07-15T00:10,1999-07-15T00:10,4847
732,little.john,5,1999-07-05T11:47,1999-08-05T22:49,3020
733,orion,30,1998-05-01T13:25,1999-12-19T10:05,2508
734,kitja,5,1999-07-14T08:58,1999-09-18T18:41,4047
735,spawn,25,1999-05-07T07:54,1999-11-23T08:30,2703
736,christie,4,1999-09-10T13:05,1999-11-28T17:44,3075
737,pzoran,1,1998-10-26T14:00,1998-10-26T14:00,4845
738,agasi,1,1998-11-02T22:52,1998-11-02T22:52,
739,maki,5,1994-06-22T11:07,1998-11-03T11:53,4049
740,djlucky,56,1998-09-14T18:55,1999-01-26T10:35,2060
741,milosavljevic,43,1998-10-01T20:19,1999-03-02T11:01,2277
742,ziggy,1,1998-11-10T23:39,1998-11-10T23:39,4846
743,nemanjja,151,1998-05-12T18:06,1999-08-10T12:50,136
744,isijan,297,1992-06-07T07:04,1999-01-09T20:24,818
745,lora.palmer,3,1998-09-07T15:28,1998-11-25T15:49,1589
746,andreja.,2,1997-02-26T12:42,1998-11-21T00:06,4102
747,witch,1,1998-11-21T00:21,1998-11-21T00:21,4808
748,ovucic,205,1991-03-23T21:58,1992-01-05T02:56,172
749,bandit,1706,1991-08-19T19:59,1993-01-16T10:51,184
750,vpetrovic,134,1991-09-24T20:08,1994-08-27T07:54,1362
751,princess,671,1991-01-26T17:23,1996-06-20T09:37,403
752,igor.mil,540,1991-05-15T20:32,1992-04-01T11:48,478
753,magician,439,1991-05-14T21:40,1995-10-16T21:37,598
754,jpavlov,218,1991-11-05T22:12,1995-10-08T15:56,992
755,grom,22,1991-12-19T18:02,1992-02-25T17:49,2834
756,max.headroom,2517,1991-06-17T17:15,1996-07-10T17:51,104
757,cacxa,431,1991-12-05T16:38,1993-05-06T21:54,615
758,dgrbic,329,1991-03-25T15:39,1995-08-29T11:53,751
759,vkrstonosic,840,1990-01-17T17:19,1994-04-07T14:33,
760,petrovic,66,1991-10-30T14:44,1992-05-03T18:46,1926
761,dave,121,1992-02-07T16:32,1992-05-17T08:54,1446
762,pperencevic,80,1992-01-16T15:17,1996-03-13T09:39,1755
763,esbot,13,1992-04-25T15:23,1992-06-01T03:56,3309
764,jaki,25,1992-01-28T17:02,1994-01-10T16:56,2707
765,floyd,302,1992-03-01T21:13,1999-02-16T16:18,812
766,mladenp,427,1991-09-17T22:59,1996-08-25T18:58,620
767,mihailo,50,1992-02-28T00:36,1995-06-05T15:12,2161
768,sprus,11,1991-10-19T12:49,1993-02-27T06:38,3449
769,mmarkov,573,1992-08-11T19:11,1992-11-09T10:28,463
770,majkl,366,1990-02-07T06:52,1995-09-19T05:18,698
771,miroslavn,266,1992-03-22T11:50,1996-11-26T15:06,859
772,milan,2639,1990-07-12T01:07,1996-08-17T01:14,6255
773,ladislavs,645,1992-09-12T01:19,1999-10-16T08:41,414
774,veca,3014,1992-03-12T23:41,1998-06-25T17:19,74
775,dgrsic,87,1991-12-12T04:48,1992-10-16T03:52,1689
776,natila,65,1991-09-28T03:16,1992-10-31T17:58,1935
777,dgavrilovic,331,1990-08-05T15:17,1995-09-26T08:39,747
778,squsovac,1666,1991-08-08T23:30,1995-09-12T16:47,188
779,smitrovic,72,1991-11-19T11:29,1992-02-07T12:46,1849
780,spetrovic,5,1991-08-21T19:06,1992-01-02T13:00,1927
781,dpaun,294,1992-01-21T12:09,1997-01-22T12:42,820
782,dvidovic,205,1990-11-07T16:07,1999-11-09T07:57,1012
783,bpetrovic,299,1992-03-21T10:00,1995-07-27T20:19,816
784,zqusovac,1686,1992-05-01T22:12,1995-11-24T09:36,186
785,duke,156,1992-07-04T11:15,1995-04-15T16:14,1230
786,zolika,741,1991-06-16T21:42,1994-12-25T22:37,384
787,nick,95,1991-11-16T15:33,1996-05-13T08:04,1621
788,ivana,91,1991-03-26T13:31,1992-02-18T11:39,1668
789,.bale.,1458,1991-03-01T14:17,1994-06-16T23:09,215
790,stomic,206,1992-03-15T01:28,1994-09-09T00:25,1011
791,pjankovic,95,1992-02-12T17:13,1994-04-19T17:41,1623
792,sasa.m,211,1992-02-08T20:51,1996-02-21T22:32,1008
793,dkuki,187,1992-03-27T08:00,1995-11-30T17:05,480
794,rjovic,230,1992-03-17T20:22,1998-03-24T15:29,
795,anna,36,1992-03-22T23:25,1992-09-27T19:34,2416
796,minja.,57,1992-08-14T19:10,1996-02-01T07:57,2051
797,cdragan,762,1991-02-04T13:52,1996-08-04T02:55,370
798,putnik,181,1992-07-14T19:45,1993-08-04T12:06,1099
799,zddb,481,1990-05-14T11:03,1996-10-21T14:51,560
800,gandalf,43,1991-12-30T11:21,1992-05-25T09:20,2276
801,viktor,408,1991-07-13T07:13,1993-09-26T12:59,631
802,pstojkov,111,1991-12-22T00:55,1992-07-23T01:42,1521
803,lola,183,1991-07-17T15:04,1991-12-21T21:55,1095
804,jlaci,76,1990-10-03T06:28,1992-09-01T09:53,1790
805,najmrciji,23,1991-10-11T19:04,1991-11-30T14:27,2794
806,sasa.c,74,1991-09-07T23:16,1991-12-14T13:29,1815
807,vili,105,1991-12-06T21:36,1992-12-27T20:55,1557
808,gww.,130,1990-12-08T05:03,1992-03-09T00:25,1381
809,macak,169,1991-03-28T10:43,1993-05-20T04:19,461
810,alexa,457,1990-11-25T02:44,1992-11-14T12:05,578
811,gslavko,4,1992-02-14T23:09,1992-02-26T19:45,4197
812,mkehler,139,1991-08-26T21:32,1992-07-27T18:12,1326
813,qleq,4,1992-08-16T20:32,1993-11-24T17:58,481
814,mzarkov,66,1991-07-22T19:51,1996-01-31T16:38,1929
815,asrdjan,67,1992-08-07T11:46,1994-05-24T21:14,1906
816,andrejl,466,1992-03-28T17:45,1993-06-10T15:42,563
817,pishta,42,1992-07-09T08:53,1995-09-07T20:38,2292
818,miro,355,1990-03-05T14:17,1994-05-17T10:50,7945
819,vvelisavljev,751,1991-09-18T19:10,1997-03-06T20:08,380
820,smiloradovic,89,1991-05-12T16:17,1995-01-26T13:46,1681
821,mensi,24,1992-01-19T19:57,1992-07-07T14:16,2735
822,ociric,143,1992-01-28T02:06,1992-04-20T23:51,1304
823,vesna,65,1990-12-11T23:50,1993-04-04T14:00,1945
824,edge,264,1992-04-01T21:59,1994-06-12T21:50,863
825,djnsnd,158,1991-06-26T18:14,1993-07-07T06:51,1221
826,lucas,122,1992-05-29T22:20,1995-01-10T21:52,1440
827,spaske,16,1991-12-25T23:00,1992-09-01T07:03,3133
828,vilic,214,1991-07-18T14:23,1994-01-05T17:58,1005
829,pcart,11,1992-06-30T14:41,1992-07-30T16:24,3450
830,glisin,415,1991-04-21T22:00,1993-01-31T10:57,618
831,ppekovic,2311,1990-09-08T14:37,1995-12-08T10:29,109
832,mmandic,3,1992-07-27T15:53,1992-07-31T06:07,3526
833,sale,202,1990-07-16T19:11,1994-10-14T06:52,
834,gnjurac,12,1992-09-17T18:33,1993-02-06T15:09,3363
835,sstakic,222,1991-05-08T10:35,1993-07-22T07:02,984
836,pantal,2,1992-08-14T10:23,1992-08-23T21:12,3771
837,zokalezic,116,1991-10-25T17:54,1995-12-02T17:10,362
838,miobrado,449,1996-01-26T23:09,1998-11-22T01:41,599
839,smilja,457,1997-07-06T18:56,1999-06-10T12:26,580
840,mcar,428,1995-08-13T09:59,1999-08-18T13:20,617
841,dalex,432,1997-08-01T13:28,1999-01-14T18:47,614
842,udav,186,1998-03-12T17:35,1998-05-31T20:43,1086
843,djcorto,2410,1994-10-01T18:22,1998-12-28T08:30,48
844,sav.gacic,1985,1994-11-26T15:32,1998-06-13T18:14,132
845,legend,83,1996-08-03T19:08,1996-10-14T21:10,1716
846,npmiki,19,1996-05-21T22:35,1996-10-04T07:16,2955
847,ne.ko,179,1996-06-04T18:03,1999-12-22T10:57,23
848,sekirica.joe,25,1996-07-06T00:33,1999-01-30T20:25,888
849,lema,84,1995-12-02T12:37,1997-01-31T13:22,1709
850,scorpion,20,1996-11-22T19:47,1997-03-09T22:04,1507
851,null,111,1996-08-23T22:14,1998-06-16T10:31,1523
852,ivantod,463,1991-02-01T20:28,1997-11-23T13:11,565
853,pertla,58,1996-10-10T15:13,1996-10-31T23:52,2031
854,mdimitrijevic,669,1992-07-27T09:09,1999-08-31T22:22,404
855,zmdjokic,264,1996-07-10T19:48,1999-08-21T17:08,866
856,ljubaz,243,1994-06-10T21:10,1996-10-21T21:40,896
857,kiklop,371,1995-09-14T12:22,1999-11-17T21:53,676
858,vladda,1,1997-04-27T17:41,1997-04-27T17:41,1195
859,orlic,339,1996-06-03T20:07,1997-05-30T07:42,732
860,ratman,275,1992-05-17T17:34,1999-06-09T21:39,840
861,petarg,130,1996-06-14T13:02,1999-04-12T17:29,1382
862,vsgdoo,54,1997-02-21T18:07,1998-03-04T13:32,2083
863,vogue,63,1996-12-04T13:25,1998-09-17T18:20,1963
864,livan,170,1996-06-23T15:50,1999-02-19T19:00,1158
865,pifat,1583,1994-09-19T13:08,1999-11-03T12:14,193
866,johnnya,1247,1996-02-17T21:18,1999-11-29T18:16,261
867,smilicic,205,1996-05-07T00:32,1997-12-28T01:46,1013
868,lada,542,1996-08-07T09:03,1999-05-31T11:48,485
869,posejdon,91,1996-12-21T22:29,1998-01-27T19:05,1669
870,nitugard,297,1997-03-26T23:50,1999-10-10T23:46,819
871,kostja,1448,1994-06-12T10:12,1998-02-18T20:50,216
872,hogistey,190,1997-02-18T20:24,1999-01-27T14:32,1069
873,redhead,92,1996-09-10T22:26,1998-10-23T18:58,1653
874,term,2,1997-11-09T20:39,1997-11-14T12:48,763
875,samhain,11,1997-10-23T02:51,1999-01-08T03:58,3451
876,stameni,567,1996-09-17T16:18,1999-12-24T09:13,466
877,vekac,37,1997-07-25T00:04,1997-12-04T09:32,1947
878,brka,571,1996-09-08T19:30,1999-12-19T15:36,465
879,nigy,127,1997-04-02T16:06,1998-02-14T20:33,1410
880,sljubisic,560,1994-05-15T13:18,1999-12-23T19:21,472
881,van.gogh,253,1996-06-27T07:59,1999-12-19T05:07,879
882,undertaker.,43,1998-03-14T19:26,1999-03-02T01:45,2280
883,allmighty,36,1997-11-06T15:04,1998-04-16T09:14,2413
884,medical,43,1997-09-26T21:06,1998-05-31T21:06,2281
885,zoran.r,242,1996-11-22T05:12,1998-04-16T13:37,929
886,acikic,15,1998-03-09T15:44,1998-05-24T15:37,1835
887,gumiflex,41,1998-04-05T15:50,1998-05-26T14:47,2305
888,kovac.alx,45,1997-05-28T19:15,1999-03-17T23:13,2235
889,pecanac,539,1997-04-16T15:12,1999-09-23T15:32,303
890,biber,856,1995-09-09T13:46,1998-02-14T21:46,354
891,gogica,489,1996-09-06T20:53,1999-12-23T19:23,530
892,ibocko,2,1996-11-24T02:00,1996-12-03T17:49,3049
893,bceklic,241,1994-08-12T19:15,1997-12-24T17:53,
894,epson,1161,1996-04-09T11:30,1999-11-29T10:25,264
895,pdeze,57,1995-08-24T16:45,1998-09-09T03:48,2052
896,ppecanac,135,1996-09-05T23:48,1997-04-16T00:29,
897,canny,175,1996-09-21T20:30,1997-03-31T06:05,1112
898,necahc,41,1996-11-20T22:09,1997-09-25T00:49,2306
899,kate,27,1996-06-24T13:38,1998-11-11T20:40,2589
900,mcikota,67,1996-10-19T08:57,1997-03-28T02:06,1908
901,crveni,141,1995-06-29T18:32,1997-08-18T22:16,1314
902,zmarko,56,1996-09-06T17:28,1999-09-10T20:32,2062
903,kimen,1,1997-09-13T09:56,1997-09-13T09:56,4848
904,kolja.t,486,1996-10-01T23:17,1998-09-29T17:52,549
905,dj.corto,1,1996-10-01T03:51,1996-10-01T03:51,
906,ruma,48,1996-06-07T21:44,1998-04-14T04:52,2201
907,calex,2536,1994-06-24T06:41,1999-01-04T11:44,103
908,jevta,463,1992-01-22T23:04,1999-08-17T15:10,566
909,harddesign,109,1997-10-29T02:17,1999-12-21T03:01,116
910,kalimero,21,1996-11-23T12:19,1999-04-26T13:47,1144
911,zeks,48,1998-02-05T15:19,1999-12-23T01:12,2211
912,bujic.p,42,1996-10-05T17:38,1999-09-28T16:14,300
913,alexandra,23,1998-05-16T17:18,1998-09-19T16:12,573
914,vantic,337,1997-11-05T12:12,1999-11-30T13:13,741
915,zbajco,112,1995-11-03T14:04,1999-10-28T13:15,1518
916,ab.comp,230,1993-05-05T11:42,1999-02-26T17:57,973
917,misar,61,1996-02-12T06:26,1997-06-23T14:10,1986
918,sasab,71,1996-06-14T06:19,1997-10-02T08:31,1118
919,acag,95,1996-06-27T10:40,1997-07-29T12:52,223
920,lepiaf,98,1996-09-09T17:12,1999-01-25T00:29,1598
921,evlad,1237,1994-06-29T11:32,1997-04-13T15:46,262
922,ivanvec,109,1996-06-10T02:06,1997-10-17T16:58,1531
923,danda,16,1997-02-13T19:53,1997-04-23T20:32,2758
924,mmilosh,142,1996-06-28T01:07,1999-01-18T05:20,1062
925,zodiac,153,1996-09-25T21:58,1999-09-02T06:27,1240
926,raleksa,7,1997-05-18T14:33,1997-06-28T17:09,3279
927,tomcat,81,1996-11-30T19:40,1998-01-03T17:32,1733
928,sareni,600,1996-11-05T14:37,1999-09-07T20:37,450
929,pzeljko,89,1996-05-15T16:24,1998-11-25T21:38,1679
930,l.tanja,740,1995-03-06T12:42,1998-12-31T16:54,385
931,bobby.quyne,508,1994-04-10T14:32,1997-08-11T19:55,
932,s.ilic,33,1996-08-12T11:13,1998-04-16T23:17,2456
933,sister,56,1995-04-06T08:34,1999-11-29T23:59,2064
934,tomak,70,1996-10-05T09:40,1998-02-14T06:54,908
935,stripi,67,1997-04-14T16:40,1997-12-07T12:01,1907
936,ngvozdic,67,1996-03-03T12:52,1999-11-09T09:15,1913
937,todorovic,3,1998-07-22T17:33,1998-07-23T15:25,2315
938,savaerc,173,1995-06-25T20:28,1999-06-19T18:52,1134
939,vrasa,17,1996-02-28T06:21,1997-05-15T04:09,2800
940,postar,78,1996-04-07T16:34,1999-07-30T04:38,1768
941,cclicima,3,1996-07-14T15:38,1996-11-08T14:39,4388
942,prinzessin,20,1995-01-02T10:07,1999-04-09T12:49,2878
943,sobrenovic,123,1994-11-11T14:33,1996-12-19T16:27,205
944,pecinko,39,1996-11-23T21:56,1998-09-29T01:05,307
945,dule.s,1,1996-12-04T12:29,1996-12-04T12:29,4849
946,vlajel,177,1994-06-05T15:59,1999-10-11T00:26,118
947,ahil,87,1995-03-24T19:25,1998-02-11T19:08,1690
948,vukan,22,1996-10-06T14:42,1997-08-21T19:57,2837
949,acap,20,1997-04-12T15:51,1997-05-21T13:48,2905
950,adrok,32,1996-08-23T15:47,1999-03-28T10:07,2466
951,m.toljan,7,1997-01-01T21:35,1997-07-09T15:00,2644
952,pesic,108,1997-04-17T13:24,1998-08-31T08:09,1541
953,vlafam,213,1996-06-19T10:52,1997-12-31T12:38,335
954,kameni,6,1998-08-11T11:32,1998-08-26T20:30,3910
955,novim,1901,1993-07-02T01:36,1997-01-23T03:09,175
956,intex,14,1996-08-26T11:34,1997-11-06T10:36,3215
957,terminali,109,1996-11-18T19:16,1997-09-09T08:34,1532
958,zuleika,54,1996-12-17T11:01,1999-12-21T17:38,2084
959,carrier,8,1996-12-10T17:26,1996-12-28T11:02,3710
960,recc,11,1998-04-13T00:43,1999-06-04T11:17,3452
961,milica,117,1995-05-31T13:17,1998-10-23T16:45,1412
962,beyb,13,1998-08-08T14:02,1998-08-25T19:41,2754
963,vladajet,3,1997-02-03T02:49,1997-03-11T15:33,150
964,oscar,2,1997-04-28T09:26,1997-04-28T09:31,2971
965,savicd,58,1997-03-20T10:55,1998-05-25T10:34,2032
966,vjevtic,11,1997-12-06T14:04,1998-01-11T23:45,823
967,pisht,8,1997-11-01T08:08,1998-03-10T00:18,34
968,kojot,38,1996-06-06T00:39,1996-11-12T23:02,2366
969,jakov,50,1998-07-05T17:21,1999-10-14T22:57,2163
970,vimm,238,1996-02-22T01:49,1997-01-18T14:46,943
971,gerber,1758,1994-12-15T19:11,1997-03-21T07:42,177
972,malex,24,1996-11-10T19:38,1997-01-03T18:12,2736
973,sskop,6,1997-03-16T14:25,1997-04-07T01:43,1884
974,ervetor,68,1997-04-09T13:40,1998-02-21T08:26,1894
975,mstanojevic,20,1995-11-28T07:54,1998-02-14T22:12,2907
976,jaroslav.s.,23,1996-09-13T13:56,1997-04-15T19:47,2795
977,stealth,8,1996-08-27T13:34,1996-12-20T18:49,3711
978,arsic,70,1996-12-26T07:41,1999-07-17T13:30,1870
979,djino,150,1996-07-17T03:10,1997-04-09T03:31,1248
980,vetman,5,1997-02-16T10:12,1997-02-22T09:51,4048
981,profa,54,1996-12-09T19:12,1997-04-08T12:07,2085
982,drist,40,1997-03-09T12:35,1999-03-26T12:33,2310
983,d.mladen,32,1997-04-02T10:03,1998-04-01T06:43,2473
984,mojke,46,1997-02-07T18:03,1997-08-13T14:03,2226
985,petronio,38,1997-02-19T13:35,1997-07-27T04:12,2368
986,jpptticb,91,1994-05-30T20:47,1996-11-04T05:55,1670
987,dturina,174,1991-02-18T22:10,1997-06-03T13:42,1133
988,todor,40,1992-07-28T22:01,1998-04-22T22:34,2313
989,vesic,107,1997-08-29T14:38,1999-05-20T13:21,1550
990,veronika,3,1996-12-24T15:36,1998-02-27T12:43,1946
991,namcor,57,1997-04-24T21:15,1999-08-22T21:40,2053
992,passinger,51,1996-06-23T18:09,1997-05-14T21:10,2128
993,zsavkov,8,1996-09-25T12:45,1996-11-12T06:22,3712
994,kalypso,29,1996-08-30T09:35,1999-06-29T19:36,2534
995,nmaricic,20,1996-11-10T08:27,1998-01-30T17:00,2908
996,zdravkovici,2,1996-10-17T14:28,1997-05-25T15:20,2842
997,hciki,8,1997-03-28T01:19,1998-12-11T08:07,1834
998,crusader,73,1997-07-12T12:18,1998-06-02T19:07,1841
999,jovap,376,1995-04-29T07:44,1997-08-01T17:06,663
1000,euribia,5,1997-03-01T11:51,1997-03-01T11:51,4054
1001,oberon,70,1995-09-23T20:58,1997-03-21T15:48,1872
1002,hrist,10,1997-04-27T19:59,1998-10-20T12:26,3531
1003,arunachala,3,1997-08-30T17:08,1997-09-23T14:20,4389
1004,iancarlos,1,1997-09-01T13:31,1997-09-01T13:31,57
1005,dekiz,138,1994-11-11T10:11,1999-12-16T16:05,1331
1006,resavac,4,1997-09-08T18:03,1997-10-02T15:20,69
1007,speedy,128,1995-07-07T12:51,1999-12-21T23:10,93
1008,jones,135,1997-01-24T15:16,1999-10-20T19:03,1363
1009,fox.,8,1998-11-14T21:22,1999-01-16T20:48,534
1010,glumica,22,1998-11-26T20:43,1999-07-12T04:12,1277
1011,strale,56,1997-01-04T23:24,1999-04-24T18:28,2065
1012,disappearer,40,1999-02-04T01:25,1999-12-20T03:35,1592
1013,aandric,357,1998-01-05T11:37,1999-09-27T20:39,709
1014,silence,631,1997-04-12T06:42,1999-12-21T18:14,441
1015,uuud,91,1999-03-04T22:17,1999-04-25T03:26,1671
1016,kara,172,1998-08-21T17:59,1999-10-10T12:49,1142
1017,dorian,252,1996-10-17T07:59,1999-11-23T22:46,880
1018,dbeovac,3,1999-05-25T16:47,1999-11-19T21:02,4390
1019,skole,1,1999-06-13T12:54,1999-06-13T12:54,1585
1020,krimer,95,1996-06-04T16:10,1999-08-31T12:48,1624
1021,vdunic,358,1996-11-16T19:00,1999-06-25T13:11,707
1022,kmirko,8,1998-10-25T12:40,1998-11-12T19:06,3714
1023,scar,19,1996-08-08T08:43,1999-11-17T16:03,2970
1024,zecc,67,1999-01-12T11:52,1999-06-29T01:07,248
1025,novakovicn,25,1997-10-13T17:24,1999-08-17T17:30,2709
1026,skocko,6,1999-08-01T22:20,1999-11-28T21:43,3919
1027,agobovic,172,1990-01-04T22:50,1994-05-06T09:30,1137
1028,seki,250,1991-07-08T16:04,1997-07-21T08:28,889
1029,nnedovic,96,1992-08-07T20:40,1997-09-06T02:23,1607
1030,boox,195,1990-12-22T11:58,1994-07-08T17:57,1064
1031,cobra,234,1992-11-12T21:50,1996-09-01T12:56,949
1032,vcalic,3865,1990-01-08T07:34,1996-02-16T01:44,39
1033,dvukmirovic,14,1992-07-17T22:09,1993-01-07T12:55,3216
1034,akocmaruk,26,1992-06-01T21:29,1994-06-24T07:15,2638
1035,vgredic,109,1991-12-17T19:33,1993-01-23T19:50,1533
1036,leonardo,120,1992-12-07T17:43,1997-12-28T20:07,
1037,zvonko,54,1990-02-07T13:53,1993-06-16T14:19,2088
1038,lovro,140,1992-12-28T13:42,1995-04-27T13:46,1324
1039,solomus,77,1993-01-29T22:04,1995-08-01T04:04,1775
1040,pele,752,1991-11-17T00:07,1997-09-10T22:23,378
1041,milic,127,1992-05-14T16:08,1993-05-02T12:04,1423
1042,dmiladinovic,519,1990-03-18T16:30,1994-09-28T22:58,504
1043,melev,63,1992-11-19T22:38,1993-05-02T23:51,1964
1044,mitar,32,1993-03-25T08:28,1995-11-28T18:23,964
1045,jasicp,533,1992-12-29T17:59,1995-10-29T08:56,498
1046,mcaprdja,10,1993-03-20T23:26,1993-04-01T09:30,3533
1047,mmile,144,1992-11-29T20:10,1993-09-14T15:01,1302
1048,ivanna,94,1993-01-31T02:38,1995-11-15T16:49,1627
1049,mazi,510,1993-02-02T01:34,1995-09-24T12:43,510
1050,drazen,456,1992-02-19T22:51,1994-01-11T20:38,592
1051,adiklic,247,1991-11-12T19:01,1997-03-30T06:11,895
1052,zozli,7,1992-02-21T13:29,1992-10-21T20:02,3795
1053,peca,240,1992-12-06T04:17,1995-09-10T03:37,936
1054,mark,70,1992-12-16T16:53,1993-08-24T17:55,
1055,dkalaba,175,1992-09-22T05:55,1996-08-05T05:49,1113
1056,nbatocanin,1296,1991-12-29T00:05,1995-12-11T21:47,245
1057,.vera.,67,1992-04-22T09:58,1993-04-30T21:27,1909
1058,voki,912,1993-04-11T17:00,1995-01-22T13:16,345
1059,pusa,26,1993-05-01T14:30,1993-06-01T01:33,2641
1060,maksa,1708,1993-05-06T16:18,1998-09-01T15:58,182
1061,oki.,216,1992-07-31T14:28,1997-02-20T21:28,997
1062,mbulat,36,1992-05-07T20:40,1993-06-21T07:10,2414
1063,danko,645,1989-11-10T16:25,1995-09-14T06:25,419
1064,ficus,213,1992-12-25T21:23,1994-06-19T20:43,1007
1065,skrajnalic,381,1993-01-31T07:53,1994-08-12T12:04,658
1066,zradojicic,128,1992-09-26T01:23,1993-02-20T04:37,1406
1067,goxx,121,1992-10-10T18:31,1996-08-12T11:38,1445
1068,dmiric,269,1991-02-13T09:51,1995-11-26T07:23,855
1069,ddobricic,155,1992-10-22T06:56,1994-03-02T20:08,1237
1070,alenin,115,1993-02-12T23:15,1996-08-20T13:32,1484
1071,panco,216,1992-03-03T20:04,1999-11-29T10:02,90
1072,mbole,672,1993-02-16T04:32,1996-06-27T16:10,402
1073,mrmf,112,1993-02-15T22:43,1993-05-06T20:11,1519
1074,pedjolino,389,1992-11-18T00:00,1995-02-27T15:48,655
1075,.obj,398,1992-10-12T12:28,1995-12-10T13:40,648
1076,sofra,1,1993-03-24T19:25,1993-03-24T19:25,4851
1077,banex,202,1990-10-13T00:42,1995-11-21T09:03,
1078,almi,96,1992-09-25T15:07,1996-06-10T13:41,1608
1079,idesign,29,1993-02-20T10:08,1994-01-20T14:34,2540
1080,b.jovan,121,1991-11-16T15:16,1992-11-21T21:19,1448
1081,konan,8,1992-12-06T10:47,1992-12-27T01:23,3713
1082,broker,251,1992-08-18T14:51,1993-10-15T15:55,884
1083,djov,9,1992-07-01T23:39,1993-05-13T21:43,3615
1084,mitke,3,1992-09-04T19:49,1992-10-01T15:28,4391
1085,sicer,15,1992-09-20T08:46,1993-01-19T07:58,3177
1086,eagle,214,1993-02-03T17:52,1995-06-11T14:56,1006
1087,pavbok,96,1993-04-21T21:01,1993-10-15T17:15,1610
1088,smoki,13,1992-12-05T16:33,1996-03-26T11:47,3311
1089,skukrika,41,1990-03-14T13:15,1993-02-20T00:53,2307
1090,nestor,34,1993-03-10T11:22,1993-09-19T18:38,2446
1091,tuci,24,1992-06-15T20:28,1994-03-08T10:54,2139
1092,bkovacevic,9,1993-01-18T16:24,1993-04-03T13:02,3613
1093,meda,216,1993-01-08T14:03,1996-10-31T23:37,1001
1094,sifist,37,1993-02-05T03:19,1994-05-22T13:05,2392
1095,kresof,63,1993-01-20T17:15,1993-06-15T15:11,1965
1096,rega,8,1992-12-21T17:44,1993-03-16T18:14,3718
1097,babule,1,1993-05-16T18:00,1993-05-16T18:00,4850
1098,pmilenkovic,75,1992-08-29T06:25,1993-08-11T11:06,1813
1099,milanv,234,1993-03-21T16:21,1997-04-24T06:20,972
1100,alexr,33,1993-02-14T20:37,1995-09-21T12:56,2455
1101,sjeremic,38,1990-02-06T03:56,1993-06-17T21:05,1211
1102,remo,93,1993-02-27T16:00,1996-02-18T15:21,1648
1103,valhala,195,1993-02-07T12:41,1994-03-31T21:43,1058
1104,dikla,1502,1991-11-17T16:38,1995-12-11T06:54,214
1105,mitrandir,17,1993-07-13T14:21,1994-02-04T08:53,3065
1106,nemo,159,1993-07-13T09:49,1994-09-10T07:30,1214
1107,drassa,298,1993-01-19T09:14,1993-10-30T07:09,817
1108,gtomic,304,1991-12-03T15:59,1996-09-10T05:25,810
1109,index,1097,1993-09-04T01:51,1996-03-12T16:20,270
1110,avlynden,13,1993-09-04T10:28,1994-07-06T05:42,3062
1111,dperkovic,714,1991-09-05T21:32,1995-08-08T10:40,392
1112,danica,147,1993-09-07T15:11,1996-12-17T06:38,1254
1113,kriss,1008,1993-07-05T11:38,1995-12-08T18:08,317
1114,niklaus,996,1993-07-27T23:09,1995-05-12T09:15,319
1115,bigbrada,537,1993-08-23T02:17,1996-02-12T17:27,484
1116,john,18,1992-09-16T11:18,1993-07-21T09:32,3025
1117,boris,367,1990-02-27T18:27,1995-12-02T02:05,3959
1118,muadib,60,1993-09-15T00:33,1996-03-04T02:47,1995
1119,ivan.s,89,1991-07-10T16:39,1994-07-04T16:28,1680
1120,mirkot,252,1991-02-15T23:58,1994-05-07T10:21,882
1121,vujos,632,1993-04-03T23:54,1996-07-27T13:19,444
1122,enterprise,358,1993-02-02T18:56,1995-11-06T11:10,708
1123,gremlin,883,1993-09-26T15:54,1995-05-11T18:25,349
1124,m.hristodulo,1085,1993-05-08T10:34,1994-07-24T17:49,269
1125,bugi,364,1991-09-11T21:50,1994-04-05T20:14,704
1126,vrauza,17,1992-11-16T21:57,1994-01-22T15:43,3066
1127,furlani,141,1993-05-11T21:46,1994-02-02T13:00,1315
1128,sandro,121,1992-02-18T00:34,1997-06-15T15:02,1452
1129,sinfos,157,1993-07-14T20:35,1994-09-10T19:16,1222
1130,pkaca,86,1993-07-23T22:28,1995-06-08T12:21,1699
1131,a.kircanski,240,1993-04-10T13:13,1994-01-30T17:31,939
1132,bile,81,1993-05-02T20:35,1993-12-23T13:16,1739
1133,v.nesic,537,1993-07-11T10:19,1995-01-14T10:48,499
1134,bradenkovic,88,1990-07-24T00:11,1993-10-24T08:15,
1135,dutchman,37,1993-07-07T12:57,1995-10-17T00:31,2393
1136,juros,19,1993-05-25T21:14,1993-11-27T18:54,2976
1137,vjokic,10,1993-08-26T18:40,1994-08-05T09:41,3534
1138,steva,492,1993-10-28T16:57,1996-03-07T11:29,
1139,mdave,1418,1993-10-26T15:07,1996-04-28T19:37,233
1140,dragisha,1191,1992-02-21T02:14,1996-06-13T08:30,263
1141,jovana,32,1993-10-24T00:18,1993-12-01T08:36,2476
1142,keza,1,1993-11-07T19:35,1993-11-07T19:35,4852
1143,marzi,140,1993-04-23T12:22,1994-02-13T12:04,1325
1144,mikrom,146,1993-02-02T17:21,1997-03-28T09:35,1270
1145,saricl,794,1993-10-29T20:28,1995-11-29T22:44,367
1146,mpaunovic,277,1993-10-29T02:11,1995-10-04T01:24,838
1147,aleksandra.m,51,1993-12-12T20:00,1995-12-02T03:20,2144
1148,minovakovic,48,1993-09-28T21:35,1994-08-31T09:35,2212
1149,slom,649,1992-03-15T12:30,1996-07-20T00:00,413
1150,toby,15,1993-03-02T12:47,1993-12-15T23:02,3178
1151,zlaya,453,1992-02-22T02:57,1998-06-26T00:48,594
1152,markom,1598,1994-01-06T23:24,1994-07-04T13:00,213
1153,mirche,261,1994-02-18T22:35,1995-10-25T17:45,865
1154,mylos,659,1993-12-25T12:45,1995-12-11T19:33,409
1155,drami,255,1992-01-01T16:37,1994-10-13T06:10,874
1156,vita,275,1993-11-28T18:38,1995-03-02T09:40,843
1157,dior,90,1993-05-06T21:53,1994-05-31T19:20,1674
1158,fric,484,1991-10-07T14:45,1996-08-27T07:27,550
1159,mr.bagins,222,1993-10-25T23:41,1996-12-29T18:23,985
1160,rzoltan,26,1994-01-20T06:09,1994-03-21T07:04,2639
1161,zdrawcke,348,1993-11-09T22:13,1995-12-02T09:41,726
1162,milnik,2,1994-03-15T22:44,1994-04-23T20:05,2251
1163,zizic,353,1994-03-16T00:26,1995-12-04T22:27,725
1164,zloboleon,132,1994-04-05T09:45,1994-09-09T22:15,830
1165,omega,1381,1994-04-02T13:21,1997-06-22T09:16,238
1166,kustos,1,1994-03-17T11:44,1994-03-17T11:44,4853
1167,slavisa,104,1993-12-16T19:06,1995-11-14T00:34,1561
1168,general,148,1993-12-16T00:49,1994-07-14T22:16,1251
1169,banek,336,1993-12-19T14:48,1996-05-08T07:03,740
1170,gristic,370,1991-10-29T19:46,1995-07-29T21:32,677
1171,klisa,36,1993-06-30T23:20,1995-08-05T15:23,2417
1172,djokab,572,1994-03-17T15:01,1996-07-15T04:36,464
1173,comi,29,1994-02-10T22:39,1995-04-20T16:21,2541
1174,slazic,61,1993-11-18T16:35,1995-12-03T11:09,1985
1175,koska,8,1994-02-18T18:23,1994-04-15T17:25,3715
1176,sekretarica,22,1993-08-17T12:47,1994-11-08T10:28,2840
1177,mvukolic,310,1993-11-27T10:11,1995-11-18T12:44,795
1178,misita,19,1993-11-25T12:38,1994-03-12T19:02,2974
1179,luks,30,1993-12-18T02:38,1995-12-09T17:35,2510
1180,zzix,24,1992-06-14T22:38,1994-05-12T12:08,2737
1181,srdjan.j,124,1994-05-08T23:42,1994-11-07T19:18,1433
1182,nisan,11,1994-05-21T09:25,1994-07-07T11:43,3381
1183,frant,278,1994-02-07T16:07,1995-12-09T22:21,841
1184,vgenije,321,1994-05-22T12:36,1996-02-01T20:20,772
1185,monstrum,36,1994-01-18T08:17,1994-05-25T13:10,1210
1186,inedeljkovic,9,1994-04-09T13:08,1994-06-02T18:49,1171
1187,aandrejin,30,1994-04-06T01:18,1996-01-25T21:17,2511
1188,alien,2234,1994-04-30T12:18,1999-11-21T11:19,31
1189,jonathan,2,1994-06-12T19:21,1994-06-12T19:23,4533
1190,ndjokic,87,1993-11-29T23:30,1996-02-16T17:44,1691
1191,lady.stardust,76,1994-06-12T15:34,1999-10-02T09:15,1789
1192,pexon,270,1994-05-20T21:06,1994-10-21T08:16,853
1193,neman,324,1992-08-08T22:56,1995-02-27T16:47,
1194,rampa.g,16,1994-03-30T20:36,1995-09-21T08:31,3134
1195,bubble,334,1992-11-19T19:05,1994-12-18T17:34,743
1196,alkos,176,1994-05-18T10:17,1996-06-09T16:55,1110
1197,sinisha,15,1994-06-01T19:01,1994-06-16T18:32,3179
1198,markov,15,1994-06-02T13:55,1994-08-17T11:29,
1199,vserdar,10,1994-05-29T16:27,1994-10-10T15:52,3535
1200,cap.navar,8,1994-05-29T07:30,1994-06-09T18:33,3721
1201,pkrstajic,8,1993-11-18T22:50,1994-04-16T10:19,669
1202,mradisa,1,1994-05-23T15:47,1994-05-23T15:47,4854
1203,neko,17,1994-06-16T07:00,1996-05-28T09:09,3067
1204,jerry,359,1993-06-25T19:13,1998-07-06T07:35,706
1205,jmilosevic,279,1993-12-30T19:23,1996-09-10T19:42,837
1206,lrobert,2,1994-06-03T16:19,1994-06-03T17:12,290
1207,bobland,175,1994-05-30T21:11,1996-04-01T22:19,1114
1208,acid,58,1994-09-26T18:09,1994-11-14T21:25,2033
1209,severian,652,1994-08-24T01:56,1996-03-22T01:55,412
1210,stigor,912,1993-01-02T20:22,1996-02-12T17:14,346
1211,knight,483,1994-05-25T15:37,1995-10-07T18:15,552
1212,uobradovic,189,1993-11-12T19:10,1995-09-05T07:12,1083
1213,mitcho,269,1994-09-20T21:46,1996-02-19T13:17,856
1214,mmitrovic,759,1994-03-07T11:33,1996-12-16T15:39,373
1215,cane,634,1994-05-12T00:31,1995-05-09T17:18,438
1216,jkpbvk,375,1994-08-19T16:42,1995-07-15T01:33,637
1217,nelle,18,1994-07-13T11:06,1995-06-13T21:22,3019
1218,miloshb,87,1993-05-31T15:14,1997-06-09T22:28,1063
1219,bosanac,18,1994-08-06T12:06,1994-11-23T02:24,3028
1220,ogabric,12,1994-09-12T15:22,1995-02-10T16:18,167
1221,woody,43,1993-04-30T10:40,1995-06-19T16:46,2282
1222,dcohadzic,12,1994-07-27T07:04,1994-11-16T22:22,1617
1223,danmarko,6,1994-08-05T13:57,1994-09-20T12:20,427
1224,bajaga,9,1994-06-29T20:21,1994-11-09T23:41,3617
1225,kolaps,38,1994-07-12T00:32,1998-07-12T14:14,2369
1226,iljd,148,1992-06-17T19:14,1995-07-13T12:03,1252
1227,sajo,8,1994-07-24T01:19,1995-03-06T01:16,3722
1228,a.veselinovic,6,1994-09-22T16:28,1994-11-07T00:15,3920
1229,moebius,39,1994-05-14T01:35,1995-02-28T01:18,2346
1230,.bata.,496,1993-11-03T10:14,1996-05-10T07:45,379
1231,star,51,1994-05-21T11:08,1995-05-10T07:17,
1232,quale,47,1993-07-17T23:57,1996-06-17T18:25,2220
1233,diag,143,1994-09-06T20:53,1998-05-10T09:14,1305
1234,de.pavlov,58,1994-04-05T04:50,1995-09-19T13:25,2034
1235,nbulatovic,30,1993-08-01T22:12,1995-04-09T01:53,2512
1236,.djn,21,1994-05-18T10:05,1995-07-29T07:50,2867
1237,szinf,70,1993-10-24T15:18,1996-05-20T11:49,1873
1238,ayatolah,39,1994-08-30T02:47,1995-01-22T00:43,2347
1239,mdrazic,509,1994-07-18T19:13,1996-01-30T07:20,511
1240,hook,95,1994-08-30T12:03,1996-10-18T13:30,1625
1241,redakcija,81,1989-12-15T20:52,1994-12-04T19:52,1735
1242,.marko.,142,1993-10-06T22:00,1995-11-26T14:10,1312
1243,miljko,74,1990-12-05T22:08,1994-11-04T17:47,1827
1244,goro,10,1994-08-11T22:20,1996-08-02T01:36,3537
1245,n.veseli,5,1994-09-15T19:21,1994-09-23T00:52,4055
1246,zmax,18,1994-07-07T11:07,1997-01-10T08:35,3031
1247,batman,76,1994-05-16T08:16,1996-03-04T13:14,1791
1248,toca,27,1994-04-21T21:57,1996-09-03T14:32,2593
1249,sigma,15,1994-11-24T19:42,1995-02-06T13:08,426
1250,vkostic,487,1989-11-18T23:48,1995-01-08T02:30,548
1251,jankor,16,1995-01-30T18:49,1996-04-06T01:01,151
1252,andrejt,269,1993-10-25T14:03,1995-10-30T11:17,857
1253,modesty,390,1994-11-14T01:38,1995-11-28T08:00,654
1254,zdobric,59,1994-10-05T00:14,1996-05-13T14:30,2016
1255,barka,36,1993-05-29T17:11,1995-02-23T23:14,2418
1256,ddotlic,69,1994-09-15T06:28,1996-01-19T20:00,591
1257,ridonli,238,1994-12-13T19:17,1996-08-24T08:26,942
1258,neca,25,1995-02-26T20:40,1996-12-09T22:44,724
1259,mortrisha,44,1995-02-21T10:50,1995-12-09T10:34,2244
1260,mpalacios,94,1995-03-21T17:42,1996-03-03T07:01,1628
1261,ivana.v,23,1995-03-31T16:56,1995-12-10T09:32,1663
1262,scekick,250,1992-03-23T19:20,1995-12-11T19:25,887
1263,dr.nik,12,1995-04-04T19:38,1998-10-10T13:37,3366
1264,gmaz,14,1994-10-29T23:09,1995-03-26T01:27,228
1265,ania,36,1994-05-20T16:02,1995-06-28T22:13,2421
1266,lavirint,76,1994-10-25T14:48,1995-01-01T11:56,1792
1267,maxxa,56,1994-12-24T13:15,1995-07-19T10:16,2066
1268,ushke,78,1994-12-04T22:06,1995-06-07T21:33,1770
1269,nemko,154,1995-02-18T01:09,1996-01-22T03:02,755
1270,jppttica,80,1994-07-19T14:54,1996-11-10T13:47,1759
1271,jpiri,141,1991-05-21T03:47,1995-12-01T13:03,1316
1272,kdrazan,168,1994-02-16T01:23,1996-02-21T00:52,1178
1273,dlazic,15,1992-06-14T19:01,1994-12-29T12:20,3185
1274,dulev,117,1994-11-29T04:30,1997-05-04T02:34,1480
1275,kvale,42,1995-01-11T22:31,1997-02-09T09:08,2293
1276,mvincic,125,1993-10-29T14:51,1996-09-24T06:48,1430
1277,mzdravkovic,238,1991-10-24T21:20,1995-12-11T15:16,944
1278,prosini,11,1995-04-14T04:57,1995-05-24T13:25,3453
1279,drasuo,5,1994-08-12T03:19,1995-02-12T15:49,4056
1280,grozda,4,1994-11-19T13:18,1995-01-01T15:12,4198
1281,denis,82,1994-10-30T20:49,1996-03-01T12:24,1728
1282,mibak,42,1995-01-02T22:41,1995-04-06T00:49,2294
1283,savo.n,3,1994-11-08T16:52,1995-03-15T18:24,4392
1284,branin,143,1995-03-13T12:14,1995-04-18T00:20,1306
1285,mixajlo,6,1994-09-18T01:39,1994-12-13T14:11,3921
1286,znesa,52,1993-01-31T08:53,1996-12-03T17:38,2003
1287,mchrile,19,1994-10-22T09:32,1995-09-28T11:50,1044
1288,fortran,5,1995-01-21T14:03,1995-03-14T23:02,4057
1289,iznogud,525,1995-04-08T06:10,1996-07-13T01:54,502
1290,ser.mika,163,1995-03-24T14:55,1996-04-15T20:03,899
1291,abogovac,40,1995-03-22T21:14,1996-12-27T14:30,2327
1292,smarkov,143,1992-07-10T15:15,1995-08-07T23:17,1310
1293,dusko,159,1995-06-26T22:28,1997-08-28T11:43,909
1294,bajind,77,1994-08-02T18:19,1996-01-28T23:50,1776
1295,iobr,27,1996-02-15T11:34,1996-09-22T12:51,2591
1296,petjo,105,1995-01-28T23:23,1996-09-05T20:08,1560
1297,jablan,51,1995-10-25T13:05,1996-02-15T10:36,2145
1298,shimano,36,1996-01-24T23:54,1997-02-14T15:02,2422
1299,markojo,56,1996-02-06T14:36,1996-06-03T09:29,2068
1300,ivan.mile,122,1995-04-24T20:09,1996-03-11T13:09,1439
1301,ice.t,20,1995-05-12T09:57,1995-11-16T18:53,2909
1302,mpavlo,163,1995-06-13T09:26,1997-04-14T13:11,1206
1303,mlaca,48,1996-04-25T21:41,1997-12-21T14:15,2213
1304,nensky,14,1994-10-07T00:55,1996-10-04T06:40,3217
1305,sonjaj,58,1996-03-13T14:39,1996-08-06T08:22,2035
1306,avas,27,1995-10-16T01:54,1996-08-18T22:43,2596
1307,bamboo,4,1996-08-24T17:16,1996-09-13T15:36,4199
1308,stasas,74,1996-07-31T21:00,1997-01-05T19:14,1817
1309,kcurcic,159,1994-07-21T22:11,1996-10-31T23:37,1219
1310,sagitarius,56,1990-10-28T21:38,1996-10-29T19:05,2069
1311,rambo,6,1995-06-06T22:55,1996-08-07T02:14,3923
1312,satr,7,1995-05-20T18:32,1995-10-25T19:07,2762
1313,avvocato,45,1993-12-24T21:07,1995-07-19T06:42,2236
1314,zoran.ristic,30,1995-07-12T02:02,1996-02-01T19:30,930
1315,random,32,1995-07-12T01:32,1995-09-03T09:23,2477
1316,tima,25,1995-08-19T09:38,1995-09-14T09:39,2713
1317,stosic,140,1993-09-28T11:29,1996-06-02T12:52,1329
1318,portos,87,1995-08-01T17:07,1995-12-11T16:39,1253
1319,icvetkovic,46,1995-10-18T21:19,1995-12-03T14:21,2227
1320,konem,64,1995-09-26T17:51,1995-12-01T23:26,1960
1321,mastermind,198,1995-08-26T22:30,1996-08-14T13:52,1049
1322,iivkovic,137,1994-08-01T16:44,1997-03-17T06:18,1332
1323,marticki,18,1995-11-15T14:11,1995-12-01T02:13,3032
1324,mmaric,28,1995-04-09T10:47,1996-02-18T09:40,2561
1325,peri,129,1995-03-28T20:00,1996-09-18T13:58,1396
1326,iloncar,4,1996-02-13T12:46,1996-05-20T23:20,2871
1327,cosmo,48,1995-05-03T19:08,1996-06-06T09:59,2214
1328,ikuzmanovic,7,1995-06-15T12:57,1995-06-28T10:15,1475
1329,anima,11,1995-09-26T17:23,1996-09-10T21:05,3454
1330,chemist,9,1996-03-10T18:54,1996-03-17T13:23,3616
1331,spec,12,1995-04-19T22:21,1996-12-13T09:53,3367
1332,aikimen,65,1996-09-04T13:11,1996-09-24T00:11,1936
1333,rale.s,57,1996-02-27T23:19,1997-02-01T17:50,2054
1334,idragan,5,1996-09-26T11:34,1996-09-30T11:06,336
1335,nlazic,252,1995-04-28T21:22,1997-06-03T09:02,883
1336,anaagram,5,1995-05-31T13:08,1996-03-04T15:05,4058
1337,obrada,172,1994-05-11T15:01,1996-08-09T03:18,1139
1338,anteater,46,1996-04-17T19:01,1996-09-16T09:41,2228
1339,neno,76,1996-02-14T23:03,1997-01-14T21:39,1793
1340,skysurfer,6,1996-06-10T16:38,1996-06-20T12:12,3922
1341,segoy,1,1995-07-11T09:28,1995-07-11T09:28,4855
1342,lukic,1,1995-08-21T05:39,1995-08-21T05:39,4856
1343,oper,170,1994-12-19T09:57,1996-09-17T00:26,163
1344,patrick,9,1993-11-06T11:57,1995-12-05T14:11,3618
1345,ndreadnought,124,1995-07-18T02:15,1998-05-18T11:03,1434
1346,jone,108,1995-07-10T11:55,1996-03-19T16:42,1545
1347,scirkovic,2,1996-05-16T11:18,1996-05-16T12:04,4534
1348,zzk.,65,1994-05-30T09:03,1996-12-31T18:11,1937
1349,sfarag,8,1996-08-24T21:43,1996-12-17T14:35,1824
1350,pesnik,33,1996-09-14T09:01,1999-01-24T11:41,2457
1351,paladin,11,1995-09-05T00:25,1995-11-23T19:52,3455
1352,.sima,237,1992-09-27T01:06,1996-04-04T10:45,946
1353,telma,9,1994-04-25T15:50,1995-09-22T17:36,3619
1354,ana.m,1,1995-09-23T23:32,1995-09-23T23:32,4865
1355,mantoniadis,303,1993-11-14T20:08,1999-07-10T08:39,811
1356,albert,24,1994-10-25T00:58,1996-10-18T03:22,2738
1357,madamovic,363,1995-04-28T17:37,1995-08-24T20:02,5
1358,sbatic,30,1994-03-24T22:37,1995-10-24T23:47,2513
1359,redbaron,12,1995-11-12T00:53,1995-11-20T00:09,2243
1360,.andrew,7,1996-05-20T21:08,1996-06-24T02:28,3796
1361,afrodita,3,1996-06-19T20:25,1998-08-16T20:35,4393
1362,nothingman,54,1996-03-08T15:51,1996-09-28T13:57,2093
1363,dada,15,1996-09-09T16:38,1997-02-04T17:55,1859
1364,moca,68,1992-07-15T03:24,1995-12-08T08:38,1896
1365,vsmrti,29,1996-01-19T19:01,1996-05-18T16:19,2543
1366,poki,12,1996-07-03T16:02,1996-07-28T07:30,1349
1367,d.stamen,77,1994-04-07T20:26,1995-06-28T05:32,1785
1368,brad,53,1995-06-23T19:49,1996-04-04T22:15,6232
1369,hellena,54,1995-10-06T07:26,1997-04-30T11:12,1284
1370,gradic,39,1995-09-03T06:38,1997-05-12T16:07,2348
1371,simeun,198,1992-08-21T06:15,1995-04-28T07:53,1054
1372,yogi,16,1996-05-11T17:19,1996-12-14T02:26,3135
1373,elton,4,1996-08-17T21:17,1996-08-21T09:21,4200
1374,spetrov,5,1996-08-01T18:44,1996-08-18T10:49,4061
1375,tranquil,9,1996-08-20T17:33,1996-11-22T11:32,3445
1376,ziks,3,1995-07-28T06:53,1995-09-07T09:31,4394
1377,mrajko,47,1995-02-16T19:39,1995-08-09T19:41,2221
1378,misa,12,1995-04-15T11:53,1995-11-10T16:29,3376
1379,slanjo,10,1996-01-25T18:09,1997-01-04T13:52,3539
1380,meric.,1,1996-06-15T16:30,1996-06-15T16:30,613
1381,destructor,46,1996-05-06T21:26,1997-07-17T13:06,2230
1382,list,6,1995-05-09T17:09,1996-05-26T15:41,3924
1383,mpromet,23,1994-10-18T19:11,1995-11-07T15:23,2796
1384,alazic,89,1990-10-05T13:02,1992-01-09T11:33,1682
1385,andrea,48,1990-07-07T06:33,1992-01-01T18:31,2215
1386,mtadic,53,1991-01-24T01:46,1991-06-14T21:42,2104
1387,erin,25,1991-01-28T19:41,1991-07-01T17:25,2721
1388,jvalant,154,1990-03-19T08:50,1992-01-12T14:37,1238
1389,dpozaric,557,1990-01-14T02:44,1991-09-16T15:11,475
1390,pvoja,53,1990-05-20T11:48,1991-07-26T14:42,2114
1391,kanda,133,1990-03-07T23:45,1993-04-26T12:43,1367
1392,ikovic,27,1991-04-05T21:33,1994-03-23T23:05,2598
1393,mbasic,49,1991-04-19T20:33,1993-04-11T20:17,2192
1394,fgunic,7,1991-07-21T14:09,1991-07-27T15:48,3797
1395,adulic,292,1991-03-12T16:56,1992-01-29T05:41,832
1396,mirkov,58,1990-11-19T20:04,1996-10-13T16:44,2038
1397,nandi,146,1991-05-02T03:31,1992-05-08T06:47,1271
1398,vaca,142,1991-09-29T21:13,1994-07-16T19:27,1313
1399,mhrkic,17,1990-10-13T11:02,1996-06-26T23:34,3068
1400,jribic,38,1991-12-11T13:05,1994-03-25T07:03,2370
1401,zuckero,56,1992-01-09T05:53,1992-04-24T13:48,2070
1402,vbole,217,1991-12-29T16:39,1997-10-21T12:22,824
1403,kole,44,1991-11-17T18:45,1992-08-15T14:56,2252
1404,dega,85,1992-02-12T01:14,1992-09-06T15:15,1703
1405,dkropek,306,1990-03-29T16:23,1991-09-12T07:59,808
1406,mrki,154,1990-05-20T16:59,1991-09-12T07:27,1242
1407,rkorda,586,1990-01-07T13:35,1993-11-12T00:37,455
1408,boban,20,1990-11-22T22:41,1991-09-30T03:15,2922
1409,vule,190,1991-07-13T00:40,1992-04-16T09:04,1080
1410,lazo,147,1991-09-18T07:34,1992-02-26T13:00,1266
1411,vasiljevic,133,1991-04-09T21:48,1991-10-31T12:38,1373
1412,dsavic,58,1989-12-16T01:45,1992-10-06T08:05,
1413,sveta,68,1991-07-21T03:48,1994-07-11T15:35,1900
1414,m.dzigurski,120,1991-07-02T13:45,1996-08-10T11:29,1461
1415,duduk,33,1991-09-28T13:17,1993-01-30T05:27,2459
1416,bbizic,16,1991-12-09T15:04,1993-06-03T13:37,3136
1417,nenadp,111,1991-05-10T20:14,1993-05-03T01:52,1524
1418,frodo,2,1991-04-29T21:11,1991-05-25T13:40,4535
1419,dristic,68,1991-04-05T11:03,1991-09-22T18:43,1901
1420,sslavko,228,1991-06-08T01:43,1996-07-18T21:19,975
1421,nskrbic,67,1991-07-01T18:27,1992-12-10T14:15,1910
1422,nesavic,90,1991-05-17T12:06,1992-04-28T11:13,1675
1423,red.baron,4,1992-02-02T10:57,1992-02-17T00:37,4201
1424,arsa,21,1991-02-08T23:27,1991-07-09T08:33,
1425,ljupco,153,1991-01-15T20:37,1992-06-10T18:15,1245
1426,ncosic,79,1990-03-21T13:33,1993-08-01T23:30,1758
1427,djovicevic,114,1990-05-31T06:54,1993-07-27T00:28,1485
1428,vojkan,83,1991-10-04T13:40,1992-02-20T14:38,1726
1429,duh,1,1992-01-04T19:27,1992-01-04T19:27,
1430,risris,15,1992-01-09T23:36,1995-07-04T06:42,3186
1431,mmilan,24,1992-01-24T15:15,1992-06-01T21:39,2742
1432,bambi,27,1991-07-05T22:20,1995-08-03T11:40,2602
1433,hellen,26,1991-08-09T19:19,1991-10-21T10:00,2642
1434,pjoca,4,1991-09-14T18:27,1992-09-06T16:58,2656
1435,ksasa,17,1991-05-01T13:02,1995-02-13T00:06,3069
1436,sasa,175,1989-11-19T17:24,1993-11-15T12:18,1127
1437,radunovic,104,1991-10-06T14:17,1993-07-13T09:47,1562
1438,ejakupovic,70,1991-05-23T15:36,1992-07-10T14:37,1874
1439,carlo,37,1991-12-04T16:40,1992-03-13T07:44,633
1440,xenomorphe,46,1990-08-14T01:25,1992-02-24T22:25,2229
1441,kuzma,119,1992-02-26T10:53,1994-09-05T22:16,1472
1442,mpodgornik,18,1990-03-14T09:58,1991-06-27T10:50,737
1443,ozzy,2,1991-05-27T11:28,1991-06-22T14:02,174
1444,johnny,107,1991-05-05T21:10,1991-06-14T18:15,1552
1445,vlajko,4,1991-06-30T20:34,1991-09-25T21:01,210
1446,kvelkovski,172,1990-08-24T00:12,1992-12-15T04:19,1157
1447,salenew,1,1992-01-24T10:55,1992-01-24T10:55,1031
1448,draganf,94,1991-12-19T05:01,1996-05-09T17:03,1629
1449,dbojan,96,1991-10-30T22:48,1992-02-15T18:13,1618
1450,faruk,98,1991-10-03T15:12,1992-07-16T08:27,1604
1451,bljubisic,5,1992-03-11T12:04,1993-07-03T05:05,4059
1452,brudic,11,1991-03-14T18:15,1991-11-25T19:59,3456
1453,ales,43,1991-10-09T08:55,1992-04-30T12:26,2288
1454,dveselinovic,2735,1989-11-09T00:27,1998-03-10T16:42,
1455,gordi,3,1991-08-19T16:09,1991-09-04T20:27,2342
1456,zzdrnja,28,1991-07-28T17:07,1991-12-13T00:36,2562
1457,maleksic,378,1990-11-02T19:11,1994-01-19T22:16,659
1458,nina.m,3,1991-08-12T13:00,1991-09-15T15:11,1320
1459,andra,24,1991-07-13T17:27,1993-07-06T13:11,7386
1460,p.n.soundland,55,1996-07-27T18:40,1998-05-17T19:19,2076
1461,ognjenc,74,1998-01-20T12:47,1999-12-19T23:14,157
1462,gmilojevic,52,1996-11-14T12:39,1999-07-22T14:08,2125
1463,papshmir,25,1998-07-20T15:32,1999-09-16T13:03,2723
1464,mediteran,39,1997-01-24T00:29,1999-10-02T18:25,1451
1465,sdanijel,167,1995-11-06T19:54,1999-10-21T19:50,1183
1466,szarvas,66,1997-12-12T04:27,1999-11-10T00:19,1930
1467,kupinar,45,1997-07-01T15:14,1999-01-24T19:20,2237
1468,nitro,46,1996-03-03T20:56,1998-03-01T06:09,760
1469,cosa.,11,1998-02-13T16:03,1998-06-28T17:05,158
1470,trpa,40,1998-08-28T13:14,1999-11-26T08:04,112
1471,zdravkod,157,1996-09-12T07:16,1999-12-16T14:05,1223
1472,bigbane,17,1998-05-16T17:03,1999-09-30T21:14,3070
1473,vuja,81,1996-12-09T14:58,1999-10-26T10:15,1741
1474,dr.mengele,31,1999-06-22T11:11,1999-12-23T13:02,121
1475,misoni,430,1998-03-26T13:59,1999-12-23T21:32,616
1476,jesic,10,1999-01-20T23:34,1999-04-18T12:50,3540
1477,diod,57,1997-05-02T14:53,1999-10-02T17:49,2055
1478,rower,33,1994-02-06T15:58,1998-05-20T09:18,665
1479,hitman,24,1998-02-10T09:31,1999-09-14T13:54,100
1480,bincika,16,1997-12-05T19:39,1999-07-10T19:36,111
1481,justa,3,1998-07-07T21:19,1999-01-14T12:03,4396
1482,atanas,3,1999-07-15T18:12,1999-07-23T12:23,4397
1483,dvujke,8,1998-03-05T21:40,1999-08-21T12:01,331
1484,kvlada,29,1999-02-03T19:01,1999-12-22T15:28,120
1485,kann,11,1998-03-15T15:22,1999-12-18T12:54,3457
1486,nbjvsb,166,1995-07-31T13:08,1999-03-02T13:16,60
1487,clown,289,1997-01-10T17:18,1999-11-18T17:38,835
1488,andrijak,37,1997-12-30T13:51,1999-02-19T19:12,2394
1489,denmla,33,1996-06-14T21:14,1999-12-22T13:27,2460
1490,thug,137,1997-05-25T12:46,1998-12-31T18:39,1333
1491,drakulic,4,1998-06-11T12:52,1998-08-08T03:03,4203
1492,radenkoc,28,1998-03-16T21:22,1999-10-27T08:38,2563
1493,mica.l,13,1997-08-25T10:42,1998-08-10T23:04,1413
1494,sabre,44,1997-03-29T13:02,1998-08-09T08:22,
1495,milutins,24,1998-07-25T08:47,1999-07-20T11:16,582
1496,l.savic,78,1997-08-15T13:36,1999-09-04T14:03,1769
1497,kgelevski,73,1995-09-02T20:59,1999-12-23T22:04,1843
1498,byello,42,1998-08-12T09:57,1999-06-25T08:10,2295
1499,brus.halter,7,1999-04-15T20:45,1999-07-29T15:20,3059
1500,zpernar,5,1998-06-04T11:46,1999-05-18T09:19,4060
1501,mizza,3,1998-11-18T20:21,1999-07-15T18:28,1411
1502,ognjen.s,304,1995-09-17T10:37,1999-11-30T11:44,155
1503,nicic,80,1992-01-15T05:41,1995-07-14T07:20,1756
1504,pmsimic,25,1992-02-21T07:07,1994-03-22T06:11,2724
1505,amar,9,1992-06-16T14:19,1992-07-09T13:16,3631
1506,nmacek,10,1992-03-21T17:44,1992-07-27T19:06,3541
1507,korvin,965,1992-04-23T09:14,1994-04-19T06:51,321
1508,boka,32,1992-09-07T17:50,1992-09-29T00:57,2480
1509,boco,61,1992-03-24T10:58,1992-08-24T21:36,1988
1510,tesloni,139,1992-04-29T15:32,1992-09-19T11:40,1327
1511,inkoplan,14,1992-07-25T14:47,1992-09-25T13:34,3218
1512,ogi.,4,1992-07-18T23:37,1992-07-27T23:35,171
1513,zulu,376,1992-06-21T20:15,1996-06-13T16:09,673
1514,bgolubovic,4,1992-03-24T11:51,1992-04-04T09:43,1175
1515,mond,32,1992-04-15T09:35,1992-04-24T15:09,2478
1516,zdolinac,11,1992-03-20T16:31,1992-06-04T22:07,3458
1517,vikesler,54,1991-12-27T18:11,1993-02-10T20:26,632
1518,redhot,38,1992-03-16T10:19,1993-10-18T07:51,1172
1519,ztuke,238,1991-07-31T11:18,1995-07-31T00:24,945
1520,nstanic,6,1992-03-14T12:16,1992-09-03T09:22,1387
1521,d.m.,23,1992-09-06T00:29,1994-05-23T20:35,2797
1522,dselakovic,44,1992-05-03T00:35,1994-06-22T12:18,2253
1523,dekard,20,1992-08-30T02:31,1992-08-30T14:04,2910
1524,andrade,25,1992-08-27T00:23,1993-10-20T22:09,629
1525,hkastorp,8,1992-08-05T07:15,1993-12-12T07:36,3723
1526,mijan,54,1992-02-26T21:42,1994-02-02T21:47,2096
1527,snowwhite,50,1990-05-24T00:30,1995-02-17T21:28,2182
1528,gcurcic,108,1992-03-27T23:10,1997-09-27T16:17,1547
1529,couch,8,1992-02-25T21:38,1992-06-27T23:37,3724
1530,bstojko,1,1992-04-05T16:20,1992-04-05T16:20,1715
1531,vojvoda,31,1992-02-07T16:48,1992-12-16T19:03,2496
1532,makas,37,1991-11-26T15:20,1993-01-03T08:42,2395
1533,vidoje,8,1998-04-12T12:05,1998-06-25T08:11,3725
1534,gvuckovic,41,1992-01-17T21:44,1992-04-23T11:27,2308
1535,montenegro,32,1992-04-24T12:38,1992-08-02T14:56,2483
1536,icke,30,1992-03-06T17:35,1992-04-23T22:14,2516
1537,predragd,183,1991-09-24T13:20,1995-10-30T18:25,1093
1538,rale,1,1992-07-19T17:18,1992-07-19T17:18,4870
1539,unke,90,1993-02-27T02:02,1993-04-16T23:12,1676
1540,kruger,20,1992-10-20T21:19,1993-04-06T10:19,2911
1541,trix,122,1993-02-13T22:09,1995-11-17T21:29,1442
1542,spegy,15,1992-08-16T22:53,1993-07-03T21:53,3187
1543,sivan,4,1993-06-23T16:45,1993-07-28T07:00,4205
1544,trsa,56,1992-07-25T20:49,1992-10-28T22:34,2072
1545,nenadb.,75,1992-10-17T14:59,1993-02-12T03:23,1814
1546,mcmillan,12,1992-11-15T20:54,1993-05-06T19:43,3386
1547,milanm,19,1991-08-23T14:52,1993-06-14T13:30,2977
1548,mandrejevic,38,1991-11-01T20:36,1993-10-11T17:01,2372
1549,tales,34,1993-06-05T21:38,1993-11-26T02:39,2287
1550,milan.m,31,1993-05-02T22:52,1993-07-21T21:41,2497
1551,bbosko,30,1992-06-14T02:00,1995-06-18T08:27,1491
1552,dkic,21,1993-05-15T20:51,1995-09-24T21:35,2870
1553,myky,44,1992-09-20T07:12,1995-10-13T09:44,2254
1554,bitsoftware,1,1992-10-02T15:36,1992-10-02T15:36,4866
1555,vucko.bgd,1,1993-03-18T18:57,1993-03-18T18:57,4874
1556,letekro,5,1993-05-09T13:08,1993-06-18T12:45,4062
1557,goranr,305,1993-05-18T11:57,1995-12-03T15:52,809
1558,vkrtinic,10,1993-01-13T07:56,1996-12-25T18:37,3542
1559,debelijencija,506,1993-06-03T16:32,1994-03-28T14:56,512
1560,tomae,49,1993-01-21T14:42,1993-02-28T00:28,922
1561,spece,29,1991-11-16T20:30,1996-02-18T08:19,2544
1562,pedjad,20,1992-02-12T20:09,1993-01-20T17:19,2925
1563,zeljkod,65,1991-01-24T14:34,1995-05-01T08:50,1938
1564,zkadic,89,1990-09-13T20:21,1996-03-23T08:34,1683
1565,gromovnik,8,1993-03-03T23:34,1993-12-27T23:42,2833
1566,jkratica,866,1990-10-09T23:44,1994-01-29T19:07,352
1567,shootman,173,1993-03-09T19:29,1996-08-09T01:41,1135
1568,zdule,169,1993-03-23T16:45,1995-08-23T00:08,1177
1569,dandy,29,1992-06-21T19:24,1994-02-12T17:35,2545
1570,npetrovic,164,1992-12-06T15:19,1993-09-02T12:52,26
1571,r.i.s.t.a.,60,1992-07-27T14:43,1993-08-22T09:24,1996
1572,zplaza,40,1993-03-16T19:54,1994-08-11T12:00,2328
1573,ematic,149,1992-12-26T02:02,1994-04-08T00:52,1250
1574,stal,96,1991-04-24T18:22,1993-11-16T22:31,1612
1575,pecpec,7,1993-06-27T20:00,1993-08-30T21:56,3798
1576,vpopovic,59,1992-02-03T06:56,1995-11-24T11:24,2015
1577,salex,7,1992-01-25T09:55,1994-01-17T17:50,1029
1578,arazumenic,155,1993-05-22T15:03,1997-06-07T11:09,1236
1579,famozan,29,1993-12-02T12:44,1997-02-21T08:15,2547
1580,aspasic,181,1993-05-24T19:42,1995-11-23T22:43,1102
1581,lazarj,16,1993-08-23T09:08,1994-01-11T15:35,3137
1582,kaun,35,1993-01-27T18:44,1994-09-27T20:11,2431
1583,domana,553,1993-09-10T19:17,1994-08-06T19:15,474
1584,mbakovic,19,1992-06-14T12:12,1995-02-25T07:01,2978
1585,sojka,62,1993-08-02T06:12,1995-05-22T08:41,1975
1586,vvidojko,9,1993-08-05T17:47,1993-11-13T16:50,3632
1587,baper,73,1993-09-24T03:26,1994-10-25T07:29,1842
1588,ana,17,1993-09-09T09:03,1995-07-13T13:37,5068
1589,nikac,177,1993-07-01T10:08,1996-11-13T10:38,1107
1590,vlaslo,39,1993-09-30T08:51,1995-05-25T08:17,2349
1591,kranko,17,1993-08-25T16:04,1993-12-04T15:55,3079
1592,iknezevic,8,1992-01-28T20:25,1995-06-08T11:35,3727
1593,deki.dj,137,1993-09-21T12:28,1995-09-07T07:49,1334
1594,pmarovic,17,1993-11-29T09:36,1995-04-21T09:08,3080
1595,moma,79,1992-12-29T02:11,1993-11-20T21:49,1765
1596,drag,1,1993-09-03T14:06,1993-09-03T14:06,1358
1597,aputnik,58,1991-06-18T21:06,1994-01-07T09:56,1098
1598,pmihailo,16,1994-01-10T15:55,1995-07-04T15:14,2162
1599,zcvele,563,1993-05-18T22:00,1994-12-02T08:28,470
1600,gaston,48,1993-07-11T10:29,1995-10-09T20:17,1457
1601,bellissima,2,1993-12-26T18:43,1994-03-27T16:45,4536
1602,hobit,76,1994-01-24T13:28,1995-11-01T05:57,1795
1603,mavava,271,1994-03-20T13:08,1997-03-16T19:37,73
1604,mcgera,51,1993-11-25T16:03,1997-09-16T06:19,779
1605,tepa,19,1993-09-01T18:35,1995-11-19T18:36,2984
1606,mmil,9,1994-01-26T13:34,1996-09-19T18:29,3634
1607,salinger,137,1994-05-13T00:20,1994-10-02T00:34,1335
1608,ivus,2,1994-01-02T17:29,1994-01-04T14:29,4537
1609,mjevta,86,1993-01-23T06:40,1994-09-08T08:14,567
1610,mpavlovic,2,1994-01-23T02:33,1994-02-09T19:58,789
1611,mmalisa,17,1994-05-17T21:52,1994-06-03T23:26,3081
1612,vujacic,103,1994-01-28T11:21,1995-09-26T20:59,1566
1613,i.mandic,67,1993-10-26T16:46,1994-08-31T11:40,1911
1614,tica,18,1993-07-03T19:21,1994-09-04T14:26,
1615,ldral,11,1994-06-13T14:00,1995-11-02T09:16,3459
1616,p.vladimir,29,1994-01-27T09:20,1994-10-28T21:48,2546
1617,rakac,5,1994-01-03T09:55,1994-04-06T22:24,3567
1618,pneman,27,1994-05-08T17:41,1994-06-21T23:57,2599
1619,danielm,17,1994-04-08T23:00,1994-05-20T18:21,3082
1620,milosb,1,1994-05-12T20:30,1994-05-12T20:30,4876
1621,psavic,4,1994-02-25T02:08,1994-06-17T00:15,4206
1622,duvnjakm,20,1993-04-17T17:24,1994-11-28T23:43,2926
1623,loncar,21,1993-11-10T18:59,1995-09-28T16:12,2872
1624,zotasevic,11,1993-05-17T16:26,1995-10-23T21:27,3460
1625,postmast,6223,1994-01-03T17:10,1995-12-05T19:39,7
1626,zjovkovic,20,1992-08-25T23:14,1996-04-03T08:48,2927
1627,llukic,2,1994-04-07T12:18,1994-05-24T10:55,4538
1628,v.dule,12,1994-05-08T01:22,1994-05-22T18:29,3387
1629,joepesci,50,1994-07-09T10:02,1994-08-25T09:39,2181
1630,dobrada,22,1994-06-03T23:16,1994-11-01T23:28,1140
1631,nikalezic,92,1994-07-10T16:41,1995-03-04T18:56,364
1632,pecca,8,1994-05-16T10:11,1994-07-28T09:51,3728
1633,pstojkovic,15,1994-05-08T22:50,1995-02-07T02:00,1520
1634,amarilis,89,1994-07-27T19:18,1994-12-19T19:35,1684
1635,dradalj,54,1994-09-07T07:25,1997-01-12T15:42,2098
1636,suros,12,1994-09-29T20:25,1994-11-01T17:47,3390
1637,gari,136,1993-04-06T01:20,1994-11-01T04:46,1339
1638,sikima,77,1994-06-10T07:16,1995-09-11T09:10,1780
1639,vukov,17,1994-09-18T11:23,1998-10-30T06:06,3085
1640,.ken.,27,1994-03-01T11:58,1996-10-28T11:30,2600
1641,admiral,16,1994-09-11T22:08,1994-10-14T13:05,3138
1642,nebul,6,1994-07-01T14:23,1995-11-26T13:22,3926
1643,trol,19,1994-07-14T21:22,1996-03-17T19:09,2979
1644,duleb,25,1994-06-26T19:05,1995-01-30T08:02,255
1645,sceka,37,1993-10-29T17:52,1994-11-09T22:29,2397
1646,gknez,35,1994-07-02T19:55,1999-07-24T08:12,2432
1647,mbekcic,30,1994-02-06T07:32,1994-11-18T21:54,2517
1648,kanki,336,1994-01-20T19:06,1996-02-02T05:37,742
1649,dfilip,6,1992-09-27T12:40,1994-08-26T22:33,3927
1650,cnikola,2,1994-09-02T08:34,1994-09-09T08:58,4539
1651,himera,19,1994-05-12T07:10,1995-01-30T02:21,2989
1652,misa.m,53,1992-09-28T08:28,1996-07-22T11:17,2115
1653,dares,32,1994-08-06T17:54,1995-09-15T13:43,2484
1654,szeman,259,1994-05-30T12:32,1995-11-20T14:36,871
1655,nenadm,10,1994-05-10T13:45,1994-10-18T13:40,2684
1656,obrad,39,1994-04-15T00:35,1996-02-19T11:52,2350
1657,mimarko,7,1994-07-02T09:40,1994-07-11T19:28,1983
1658,yasmeen,1,1994-07-21T15:01,1994-07-21T15:01,1155
1659,cubra,270,1994-10-01T09:10,1995-11-29T13:13,852
1660,bole,300,1990-11-10T10:07,1994-10-11T17:29,829
1661,bane.,1360,1994-08-02T05:21,1995-12-08T13:45,239
1662,zdjordjevic,12,1994-10-19T11:42,1995-04-13T07:35,3388
1663,aleck,724,1994-11-19T15:09,1996-05-17T18:11,388
1664,haralampije,5,1995-02-15T19:01,1995-03-07T12:56,4063
1665,diabola,99,1994-12-14T21:26,1996-02-23T15:25,1596
1666,kmilos,13,1995-04-12T14:14,1995-10-17T20:43,3312
1667,gredicv,24,1993-12-17T06:21,1995-12-02T16:40,2744
1668,stranac,10,1994-10-11T07:13,1994-11-21T10:12,3543
1669,diogen,4,1994-11-03T00:13,1995-01-18T17:41,4207
1670,nsamardzic,11,1993-12-05T20:14,1998-04-21T15:16,759
1671,trox,7,1994-12-28T23:25,1995-06-28T10:08,3799
1672,rmatijevic,27,1994-12-30T14:07,1995-07-21T10:17,2601
1673,cipelic,31,1994-12-07T14:55,1995-08-20T17:06,2498
1674,sradovan,12,1995-02-19T17:25,1995-07-27T04:33,3389
1675,vukota,17,1992-11-28T19:22,1995-03-08T17:02,3084
1676,massa,1,1995-03-05T02:49,1995-03-05T02:49,4877
1677,aleka,25,1994-12-21T12:36,1995-06-03T17:21,2727
1678,cpera,41,1993-02-22T09:28,1995-07-06T05:53,1403
1679,bboro,7,1994-06-14T17:32,1995-02-18T17:49,1808
1680,cvetkos,23,1993-11-03T23:11,1995-12-10T21:44,2798
1681,djuradj,7,1995-03-02T15:16,1995-03-22T09:25,3800
1682,jspoa,3,1993-12-16T19:35,1995-03-23T10:12,4404
1683,syd.s,47,1994-10-03T12:11,1995-03-16T16:33,2223
1684,dsisic,67,1993-10-31T18:24,1995-03-11T16:17,1912
1685,ssimeunovic,156,1995-02-07T01:45,1995-12-10T00:47,1053
1686,misap,9,1994-05-25T15:50,1995-03-17T18:52,3379
1687,mickeyl,133,1993-07-16T17:23,1995-02-12T08:03,1368
1688,msasa,35,1995-03-15T21:29,1995-10-22T01:29,1130
1689,cdjordje,24,1993-12-12T17:41,1995-05-06T12:01,2745
1690,sasap,29,1991-10-11T08:16,1997-02-01T12:56,1120
1691,dragann,47,1993-07-26T16:02,1995-01-18T15:42,1356
1692,mvulovic,18,1994-08-19T20:10,1995-01-31T01:51,3033
1693,.braca,64,1994-02-12T09:26,1994-11-30T08:13,1300
1694,piksi,55,1994-11-01T12:15,1995-01-14T03:43,2077
1695,vlast,14,1994-05-31T23:15,1995-07-14T00:39,3221
1696,inforts,110,1994-10-17T13:13,1997-11-05T17:28,1525
1697,dgacpar,12,1995-03-05T15:40,1995-10-27T08:26,3394
1698,zpetar,3,1994-10-14T04:39,1994-10-22T10:46,4402
1699,fani,5,1994-03-02T20:06,1995-02-01T13:04,4065
1700,novak,14,1992-03-15T17:26,1995-04-12T07:40,3229
1701,maxinaki,35,1994-08-10T00:00,1995-05-12T17:45,2433
1702,vesboj,48,1995-03-16T21:14,1996-03-10T23:02,2216
1703,mexo,2,1995-05-22T07:40,1995-06-05T08:08,4540
1704,bolid,67,1995-06-19T11:12,1996-02-21T09:55,1915
1705,cetka,8,1995-04-14T03:01,1996-04-04T05:21,2319
1706,dordije,51,1992-11-09T20:23,1997-10-03T19:36,2149
1707,airton,67,1995-08-05T14:51,1995-08-31T06:56,425
1708,vukadin,23,1994-11-13T22:06,1996-08-07T18:36,2802
1709,ispasic,5,1995-05-17T01:47,1995-08-27T22:03,4064
1710,fzoran,13,1995-10-25T10:47,1995-12-10T21:05,3313
1711,dejvas,15,1993-10-25T18:58,1995-06-22T23:07,3188
1712,sibin,5,1993-06-08T21:55,1995-10-08T10:54,4068
1713,saja,12,1994-01-26T22:56,1996-04-08T09:37,3392
1714,maroquinne,26,1995-10-27T22:27,1995-12-01T11:14,2140
1715,nole,2,1995-04-13T10:06,1995-05-12T11:00,4541
1716,neca.s,16,1995-06-22T11:10,1996-09-24T08:37,2710
1717,silver,3,1995-12-01T19:45,1995-12-01T22:12,4403
1718,gork,13,1995-12-03T18:59,1996-07-10T00:37,3314
1719,dejja,36,1995-05-25T17:05,1995-10-20T15:32,2427
1720,osasa,20,1994-04-03T12:05,1996-12-12T17:57,1123
1721,mindza,12,1995-06-17T15:55,1995-07-04T20:53,3393
1722,violator,669,1994-07-26T06:23,1997-07-11T07:14,406
1723,dulejko,13,1995-07-06T17:34,1995-11-01T19:52,3315
1724,svujovic,4,1995-07-26T21:39,1995-08-12T14:32,4208
1725,ivo.r,4,1995-10-19T18:31,1996-02-23T21:12,4209
1726,skrba,1,1995-10-21T17:14,1995-10-21T17:14,4878
1727,pbojan,267,1990-12-05T23:36,1995-11-29T11:05,858
1728,igorsedam,9,1995-09-24T21:15,1996-07-03T19:33,1779
1729,kepa,13,1995-06-21T20:02,1996-06-15T21:21,787
1730,zdravko,22,1995-06-06T16:58,1995-09-24T22:36,1156
1731,zkecman,74,1995-07-23T19:19,1995-08-20T14:20,1833
1732,mminovic,65,1995-08-22T18:16,1996-03-27T13:55,1939
1733,saboteur,340,1995-01-15T12:02,1996-07-10T15:08,731
1734,miskom,13,1995-03-25T16:53,1995-10-29T19:08,3316
1735,kumkvat,3,1995-10-01T22:47,1995-10-14T00:01,4405
1736,cortan,3,1995-07-09T18:34,1995-07-10T11:26,4406
1737,packeta,1,1995-10-05T02:59,1995-10-05T02:59,1432
1738,zradule,9,1995-09-22T14:56,1998-08-25T14:09,3492
1739,micioni,16,1995-10-17T14:46,1995-11-21T22:49,2470
1740,mistef,3,1995-04-20T16:10,1995-04-22T08:05,1994
1741,kirk,2,1995-04-22T19:52,1995-05-06T16:45,4542
1742,queen,39,1993-09-12T15:39,1995-09-19T21:18,1286
1743,nilez,42,1992-10-01T15:42,1995-12-08T08:28,2296
1744,merlin,6,1995-12-04T23:06,1996-03-11T15:59,3929
1745,vladann,2,1995-10-30T23:49,1995-12-08T02:38,4543
1746,maja.s,11,1995-05-01T14:49,1997-02-23T00:21,68
1747,jovke,5,1995-01-09T20:52,1995-08-13T11:03,4066
1748,vision,128,1993-09-09T08:13,1995-11-08T07:32,1405
1749,badsector,64,1994-06-15T12:32,1995-11-23T20:03,1961
1750,marni,40,1995-04-12T07:50,1995-12-03T16:39,2329
1751,eotek,139,1993-09-10T11:44,1996-01-30T17:41,1330
1752,wiper,122,1996-02-10T21:25,1996-08-10T16:36,1443
1753,shakal,3,1995-11-15T19:43,1996-05-04T19:26,4408
1754,gabana,28,1997-12-07T10:20,1998-02-11T15:28,2565
1755,miob,29,1996-01-24T11:34,1996-07-20T12:47,2548
1756,bolero,34,1996-06-27T17:41,1997-10-10T01:39,822
1757,marwin,37,1996-06-10T09:55,1997-02-01T22:51,2398
1758,slayer,7,1996-08-03T21:00,1997-05-01T13:38,3801
1759,cmilan,8,1996-04-26T09:14,1998-01-26T12:51,3731
1760,smut,14,1996-06-06T23:19,1998-04-25T12:51,2284
1761,pemax,14,1996-09-04T23:24,1996-11-13T00:22,3224
1762,pemax.,14,1996-08-24T13:31,1996-10-26T12:25,2082
1763,sonjab,25,1996-09-28T13:17,1997-11-29T13:11,2725
1764,sonem,7,1996-02-11T13:33,1998-04-04T19:06,3802
1765,lmedic,1,1996-12-06T18:51,1996-12-06T18:51,4879
1766,zvlaki,17,1996-12-07T10:39,1997-07-28T21:26,3095
1767,integra,8,1996-12-19T22:41,1997-02-28T11:00,3558
1768,vbiskup,24,1996-09-06T08:45,1997-06-10T11:14,2746
1769,mike.patton,28,1996-07-25T14:47,1997-05-22T08:27,17
1770,mstevan,8,1997-01-31T02:41,1997-06-08T18:01,542
1771,blabus,7,1996-08-26T06:25,1997-05-29T16:55,3803
1772,milenko,11,1997-06-08T12:02,1998-02-21T15:16,3467
1773,centrotextil,25,1995-03-03T11:17,1997-06-09T08:16,2726
1774,dulek,20,1997-02-12T18:56,1999-01-16T16:35,2928
1775,iaca,90,1996-06-11T13:42,1997-08-11T11:48,1677
1776,nenad.dj,2,1997-07-21T14:57,1997-07-29T10:00,4544
1777,slaki,54,1996-03-02T14:27,1997-08-09T20:13,2099
1778,desha,14,1997-07-15T16:14,1997-09-26T20:39,3236
1779,mnenad,23,1997-06-23T08:37,1997-12-29T21:07,788
1780,dragisic,24,1996-08-26T07:36,1999-01-29T06:47,2747
1781,daxy,10,1995-11-15T19:10,1996-03-27T13:08,3544
1782,charly,59,1995-09-18T17:24,1996-07-07T19:09,2017
1783,deksi,146,1996-04-10T20:56,1999-03-23T18:34,1272
1784,valoj,26,1997-01-09T07:57,1997-11-09T04:38,540
1785,blue,27,1997-03-13T11:05,1999-02-12T20:26,2604
1786,lara.croft,2,1997-05-07T17:26,1997-07-13T21:54,4545
1787,laki,6,1993-06-08T14:44,1997-11-20T16:46,3931
1788,tojagic,33,1997-01-22T21:27,1999-05-11T11:15,125
1789,mmcry,6,1996-09-12T07:01,1997-06-21T11:53,3938
1790,miljan,16,1997-06-10T10:33,1997-07-03T01:20,1639
1791,kadra,2,1997-06-18T14:12,1997-07-03T19:50,3644
1792,d.j.boki,20,1997-07-08T16:32,1997-07-25T12:56,2929
1793,lu.mig.su.k,14,1997-11-18T19:06,1997-11-22T21:52,3237
1794,rastkop,4,1996-11-04T16:48,1997-02-02T23:33,3005
1795,kostic,11,1997-02-09T19:24,1997-05-16T01:47,3461
1796,shegi,2,1997-01-29T19:46,1997-06-16T17:01,4036
1797,partner,12,1997-12-01T10:35,1998-03-02T18:00,3395
1798,rvranic,26,1995-12-08T14:10,1996-12-12T14:17,2643
1799,s.babic,5,1996-07-24T18:11,1996-09-01T19:08,4067
1800,toda,187,1993-06-07T12:17,1997-03-18T12:10,1085
1801,rsrdjan,10,1996-10-04T22:39,1997-06-10T09:02,3545
1802,bokia,12,1996-07-03T11:56,1997-05-08T14:07,3397
1803,rsadr,5,1997-03-23T12:45,1997-04-01T05:03,958
1804,alus,2,1997-04-12T00:40,1997-04-17T22:44,1746
1805,dejank,128,1997-03-01T21:26,1997-11-13T14:49,1407
1806,arakicevic,3,1996-02-21T09:25,1996-02-23T17:08,2680
1807,despot,14,1994-11-21T23:42,1996-06-19T10:58,423
1808,nicetin,128,1995-01-13T16:45,1999-10-12T16:04,1408
1809,nesan,10,1994-06-30T18:05,1996-04-14T11:20,2004
1810,megasoft,20,1997-06-05T17:59,1997-08-29T14:35,2930
1811,milanmih,9,1997-08-01T21:51,1997-08-22T14:10,790
1812,suki,29,1997-01-28T16:20,1998-05-12T17:01,2549
1813,nelet,2,1997-10-22T09:54,1997-10-22T09:57,4551
1814,tehkom,9,1996-08-18T13:20,1996-08-23T18:58,3637
1815,rommel,11,1996-08-09T23:50,1997-03-09T02:09,160
1816,saturday,4,1997-04-13T17:04,1997-04-18T13:40,4210
1817,npesic,14,1997-04-13T11:28,1998-04-11T22:42,1540
1818,lacit,3,1997-04-22T17:11,1997-06-26T19:25,4409
1819,whitie,176,1994-08-05T12:12,1997-05-26T11:32,1109
1820,msimeunovic,1,1996-07-26T09:03,1996-07-26T09:03,1052
1821,ivulic,2,1996-07-29T09:14,1996-07-31T07:15,4549
1822,maher,58,1996-03-21T16:19,1997-02-12T01:24,2047
1823,draggan,33,1996-08-31T09:30,1998-06-02T20:38,2461
1824,ivanrad,9,1996-11-02T08:29,1997-12-14T08:42,3401
1825,maiden,10,1997-02-21T14:32,1997-03-09T17:16,3546
1826,lkudlik,68,1993-04-05T10:08,1996-04-09T03:20,1904
1827,easyd,168,1995-10-23T02:19,1996-11-26T18:14,1179
1828,zvezdan,111,1996-03-05T14:03,1997-11-28T09:46,1527
1829,sdjole,21,1995-08-02T06:15,1996-11-05T14:10,2875
1830,majadakic,9,1996-09-21T11:52,1997-03-20T06:30,3638
1831,boxy,4,1996-11-29T01:02,1997-09-24T02:42,67
1832,kdragan,19,1997-02-10T23:57,1997-04-16T10:01,2990
1833,shaman,7,1997-07-28T16:15,1997-10-02T00:06,3804
1834,smrda,56,1997-12-07T23:54,1999-06-05T14:40,754
1835,zveki,37,1996-12-05T19:32,1997-02-22T05:39,1149
1836,tasso,5,1996-05-26T20:45,1996-06-06T14:23,4069
1837,nbjvsa,10,1995-02-09T10:32,1997-01-27T14:08,3548
1838,nevas,15,1997-03-07T13:23,1998-01-29T17:19,3189
1839,m.goran,32,1996-01-27T01:51,1998-01-09T23:17,2485
1840,ivanl,118,1996-11-04T16:38,1998-03-01T10:48,1477
1841,llia,7,1996-03-09T14:22,1996-03-22T10:53,3806
1842,marija,5,1996-05-15T13:18,1996-06-12T15:06,4076
1843,igorl,10,1996-09-12T16:15,1996-10-31T18:18,3547
1844,van.gog,42,1997-03-27T21:02,1997-11-10T19:48,2297
1845,alekkk,45,1997-02-01T19:49,1997-08-07T20:48,71
1846,gasic.vladimir,5,1997-07-14T11:09,1997-07-17T09:16,4080
1847,centar,12,1995-10-09T14:31,1997-04-20T08:14,3400
1848,patzzollo,30,1996-06-19T20:45,1996-10-10T17:59,2518
1849,mbasta,66,1996-05-30T21:12,1996-07-16T14:01,1931
1850,racerx,12,1996-06-27T00:53,1996-07-04T00:11,3398
1851,trafco,1,1996-02-15T12:56,1996-02-15T12:56,666
1852,stamenovv,9,1996-05-11T19:54,1997-09-09T19:10,3639
1853,kreda,4,1995-03-13T22:51,1996-06-21T08:13,4211
1854,chris,15,1996-08-06T12:02,1997-09-03T23:50,3190
1855,zdrakulic,7,1996-08-05T11:36,1996-12-18T12:53,3805
1856,gotivac,36,1996-12-16T04:55,1997-01-05T02:55,2423
1857,peyota,62,1997-07-10T12:08,1999-10-14T18:20,123
1858,nevidljivi,8,1996-05-26T08:28,1998-12-15T09:40,2314
1859,kirgan,3,1996-09-04T15:58,1996-09-05T11:34,4411
1860,hegel,2,1997-02-20T18:05,1997-03-03T10:19,4550
1861,pennywise,11,1997-02-22T22:28,1997-05-31T15:58,3480
1862,ivanr,12,1995-11-26T14:35,1996-04-02T11:30,3402
1863,haris,15,1993-12-11T09:56,1996-04-15T13:43,915
1864,dj.gaga,54,1996-07-10T14:17,1996-08-09T21:11,1350
1865,acar,5,1997-03-27T19:52,1997-04-14T22:38,4082
1866,stifa.jordan,40,1996-07-19T19:12,1997-06-27T21:39,2330
1867,castrvm,83,1996-10-17T11:53,1998-01-28T17:34,1717
1868,naumov,27,1997-04-05T08:58,1998-06-30T15:42,2606
1869,mpetrovic,17,1989-11-28T17:47,1990-07-14T20:50,1925
1870,ilja,94,1989-11-15T05:02,1990-04-25T01:37,
1871,zarkob,15,1990-02-03T16:54,1990-09-20T10:42,3194
1872,davorin,15,1989-11-10T22:31,1990-02-06T15:34,2892
1873,marinadj,1,1990-02-11T00:12,1990-02-11T00:12,4880
1874,paja,26,1989-11-29T01:18,1990-05-01T17:58,
1875,zeljkot,66,1989-12-27T18:51,1990-09-14T16:10,1932
1876,sysop,2,1990-03-01T00:10,1990-03-01T00:18,
1877,filip,1,1990-03-02T20:57,1990-03-02T20:57,7911
1878,lgavrilovic,42,1989-11-06T05:00,1990-11-17T04:20,
1879,zina,7,1990-03-04T01:12,1990-03-07T03:43,
1880,sdjurekovic,5,1989-11-28T22:41,1990-03-05T16:55,4088
1881,braca,146,1990-01-01T15:08,1992-12-31T05:38,1301
1882,ndjuro,1,1990-03-18T00:29,1990-03-18T00:29,4888
1883,rozi,17,1990-05-14T10:09,1990-12-29T13:05,3099
1884,mhibler,83,1990-08-20T19:06,1991-06-09T08:14,1718
1885,nesa,60,1990-02-13T20:39,1995-07-29T13:02,2006
1886,rakim,32,1990-06-09T11:53,1992-05-10T21:40,2487
1887,vostojic,63,1990-02-12T13:36,1991-01-28T19:59,1966
1888,tkaminsky,2,1989-12-07T18:55,1989-12-07T20:20,2451
1889,dkovacevic,6,1989-12-10T23:55,1995-02-19T18:04,2300
1890,ahorvat,4,1990-03-06T16:35,1990-03-12T16:53,4212
1891,liki,1,1990-06-08T14:49,1990-06-08T14:49,4897
1892,mifko,16,1990-06-17T17:33,1990-12-22T20:40,3139
1893,tamara,27,1990-09-22T15:22,1991-08-26T18:02,
1894,aleksa,43,1990-04-14T12:41,1997-05-10T14:55,5252
1895,mikij,86,1990-01-14T11:35,1991-05-14T19:29,1700
1896,smihailovic,37,1990-08-16T19:23,1990-11-19T11:15,
1897,jgolub,81,1990-10-16T17:08,1991-06-03T23:59,1176
1898,ozagmester,1,1990-12-05T09:36,1990-12-05T09:36,4144
1899,djolle,8,1990-03-05T23:56,1990-05-06T00:01,3732
1900,godza,62,1989-11-09T21:23,1991-09-05T01:30,1976
1901,asmajlovic,12,1990-09-22T07:57,1991-05-08T16:17,3403
1902,georges,87,1990-10-22T17:17,1996-04-04T19:01,1694
1903,zpavlovic,50,1990-04-25T22:15,1991-09-20T08:11,2183
1904,bosnjak,1,1990-05-26T05:50,1990-05-26T05:50,4889
1905,mpotrc,32,1989-11-15T18:18,1991-07-24T18:35,2486
1906,rsipek,3,1990-04-01T23:19,1990-05-06T16:49,4410
1907,tmihailovic,1,1990-09-18T11:48,1990-09-18T11:48,
1908,ssvitlica,10,1990-06-22T05:31,1991-03-04T13:36,3549
1909,vcosic,9,1990-09-05T14:13,1994-04-18T08:36,1954
1910,sbrkic,9,1990-10-19T12:54,1991-09-13T18:58,679
1911,dzivkovic,25,1989-12-02T04:38,1992-03-09T13:35,2728
1912,bmijatovic,9,1990-09-14T18:25,1990-11-22T20:54,
1913,pitalice,5,1989-12-04T01:52,1993-12-06T02:53,4089
1914,imarusic,12,1990-05-05T20:21,1991-09-15T13:35,3404
1915,bora,28,1990-08-29T22:02,1995-01-01T00:17,2569
1916,vantonic,20,1989-11-14T23:11,1995-11-27T06:56,2931
1917,marko,3,1990-04-26T20:15,1990-04-28T05:00,6629
1918,mvidmar,10,1990-04-26T20:29,1990-04-30T03:34,
1919,afilipovic,70,1989-12-27T22:11,1994-11-04T04:23,1879
1920,grudolf,1,1990-07-16T09:53,1990-07-16T09:53,1162
1921,mperovic,23,1989-12-16T12:22,1991-06-17T17:50,2803
1922,pogo,15,1990-03-03T01:42,1991-02-13T21:46,2658
1923,sgoran,55,1990-02-20T17:31,1991-09-12T14:38,2078
1924,lucky,9,1990-12-05T19:04,1992-01-28T17:27,3641
1925,ncanak,1,1990-06-26T12:46,1990-06-26T12:46,4890
1926,skaralic,1,1990-02-17T17:22,1990-02-17T17:22,
1927,michael,13,1990-08-14T11:48,1991-02-09T20:33,3318
1928,tgulaci,1,1989-11-17T17:04,1989-11-17T17:04,4891
1929,dbulat,32,1989-11-19T01:05,1991-10-25T17:39,2488
1930,bpogacar,3,1989-12-28T11:35,1990-01-09T06:03,3762
1931,smilosevic,1,1989-12-26T16:31,1989-12-26T16:31,
1932,dobradovic,24,1989-12-25T22:10,1991-11-11T22:38,2748
1933,gnoc,10,1989-11-10T20:28,1990-01-24T17:53,3551
1934,dkovac,42,1990-03-31T22:46,1991-08-25T06:44,2301
1935,buggy,1,1990-06-22T22:43,1990-06-22T22:43,1341
1936,bsparavalo,2,1989-11-17T06:13,1990-08-28T00:00,4552
1937,shone,78,1990-11-21T23:22,1991-12-17T11:11,1773
1938,oduzlevski,73,1990-12-07T13:25,1991-06-26T12:24,1844
1939,milanp,2,1990-04-19T13:25,1990-05-17T06:13,4553
1940,varh,2,1990-06-27T11:46,1990-07-20T10:08,4554
1941,draza,3,1990-02-15T16:22,1990-06-29T09:09,4412
1942,olja,26,1990-12-11T10:28,1995-06-19T10:19,2647
1943,amarkovic,2,1989-12-20T21:40,1989-12-24T15:35,4107
1944,dselmeci,1,1990-01-07T17:08,1990-01-07T17:08,4898
1945,piroman,11,1993-08-09T02:25,1993-12-28T05:19,
1946,dzoric,86,1993-12-04T19:24,1995-12-05T13:33,1701
1947,nimi,59,1992-04-08T20:14,1996-11-02T08:06,2022
1948,nmajsor,1,1994-03-14T10:45,1994-03-14T10:45,1797
1949,benjamin,4,1994-03-10T21:39,1994-03-15T15:23,4214
1950,franja,8,1994-01-22T23:18,1995-10-14T07:35,3734
1951,zzile,62,1992-11-20T09:38,1994-02-02T15:34,1980
1952,irac,2,1994-01-14T10:50,1994-01-15T07:55,4555
1953,kzoran,266,1991-11-12T20:47,1996-02-12T13:19,860
1954,pinokio,160,1993-03-09T08:26,1995-11-28T17:16,1213
1955,vdesnica,9,1993-10-25T16:56,1993-12-11T19:02,3642
1956,bade,2,1993-12-14T06:21,1993-12-18T00:45,3915
1957,vnessa,20,1993-02-22T13:18,1996-07-04T15:17,2932
1958,mihmil,2,1993-12-05T19:54,1993-12-15T21:35,2159
1959,dmihajlo,24,1991-09-27T09:12,1993-12-16T07:52,2749
1960,vudu,1,1993-12-16T13:54,1993-12-16T13:54,4899
1961,viktus,8,1993-10-14T22:10,1994-05-14T21:36,302
1962,racunari,55,1991-05-13T12:33,1995-11-02T14:49,1734
1963,paca,114,1992-08-29T08:48,1995-01-31T17:53,1502
1964,zorana,270,1994-03-31T15:33,1995-09-02T17:34,854
1965,sole,6,1994-05-30T00:04,1995-01-23T01:09,3939
1966,rpausic,76,1993-07-19T12:45,1997-01-20T11:06,280
1967,berg,15,1993-03-14T09:30,1994-08-23T09:02,3195
1968,dpriest...,68,1993-10-13T14:43,1994-11-02T02:17,1902
1969,gmandic,3,1994-06-20T07:16,1995-09-05T08:58,3525
1970,wysiwyg,9,1994-06-28T10:54,1994-07-27T10:50,3647
1971,jamaguci,3,1994-09-04T15:07,1994-09-08T21:22,4413
1972,jake,14,1994-09-11T16:23,1994-10-31T20:59,3242
1973,ridjobradi,7,1994-08-08T09:21,1994-11-20T20:58,3807
1974,mgligorijevic,4,1994-08-05T17:29,1994-10-12T21:00,231
1975,baslo,1,1994-10-12T05:59,1994-10-12T05:59,4900
1976,sjer,163,1994-08-31T05:37,1995-07-06T11:23,1209
1977,deysun,10,1994-11-19T18:04,1995-10-30T23:41,3550
1978,robi.s,32,1994-10-09T08:43,1995-03-01T20:28,284
1979,cazul,25,1993-07-11T11:17,1994-07-30T11:44,2729
1980,maske,6,1993-10-08T04:40,1994-08-15T15:40,3941
1981,zoranm.,17,1993-09-05T21:55,1994-09-06T01:51,3096
1982,docke,28,1991-04-22T19:06,1994-09-27T18:53,2566
1983,flora,76,1994-07-03T12:09,1997-07-03T00:46,793
1984,marinm,3,1994-10-15T08:10,1994-10-18T05:45,4414
1985,mpot,13,1994-10-17T18:37,1994-11-02T18:17,3319
1986,randja,6,1994-11-10T16:09,1994-12-28T19:48,3940
1987,njovic,1,1994-07-07T02:20,1994-07-07T02:20,4903
1988,astral,899,1993-08-01T23:05,1994-10-16T12:08,347
1989,galactus,20,1994-09-25T04:13,1995-10-08T16:56,2024
1990,mbiresev,117,1994-09-30T15:29,1995-12-11T01:47,344
1991,bmiladinovic,4,1995-03-03T09:55,1995-03-30T03:31,4215
1992,aladdin,8,1995-03-14T22:42,1995-09-24T17:56,3738
1993,st.pol,50,1994-09-29T07:55,1995-08-08T12:23,2042
1994,herak,133,1991-10-04T08:34,1995-09-21T06:28,1369
1995,rmarjan,70,1994-11-07T23:35,1995-12-10T00:35,1880
1996,mradic,67,1992-09-02T08:46,1995-04-02T20:53,1914
1997,dpredovic,318,1994-01-07T21:28,1996-09-17T23:05,776
1998,malirade,1,1995-03-16T22:08,1995-03-16T22:08,4901
1999,bpredic,41,1994-12-06T12:48,1995-07-26T15:17,2309
2000,pstevo,21,1994-03-26T08:41,1995-06-06T12:13,2876
2001,majtoski,51,1995-01-15T17:43,1996-09-14T15:18,2147
2002,majstor,76,1995-04-17T10:14,1995-09-23T19:38,1796
2003,pike,1,1995-06-26T09:29,1995-06-26T09:29,4905
2004,mala,12,1994-08-03T12:35,1998-02-07T21:14,3405
2005,mglisic,34,1995-06-06T20:02,1995-07-13T04:55,2447
2006,sretens,51,1995-05-16T03:24,1995-10-03T00:12,2148
2007,trki,19,1991-05-03T07:43,1996-01-28T07:09,2991
2008,pstojanovic,66,1992-07-02T05:58,1996-03-07T11:52,1933
2009,godfather,25,1995-07-13T12:39,1995-09-04T08:25,2730
2010,casper,3,1995-08-08T01:49,1995-08-15T23:36,1666
2011,gjablan,28,1995-07-15T22:39,1995-08-17T17:04,2146
2012,rebel.x,32,1995-04-21T22:42,1995-10-13T12:32,2234
2013,mstankovic,28,1994-11-01T22:03,1995-07-16T16:13,2581
2014,salek,5,1993-09-03T20:12,1995-05-13T12:37,1025
2015,blade,8,1995-03-05T15:42,1995-05-28T13:19,3110
2016,milosp,110,1995-05-13T12:37,1999-10-29T12:56,1526
2017,nicky,15,1995-05-17T16:45,1996-06-03T14:25,1620
2018,opsudkg,23,1995-06-05T21:26,1995-11-23T07:18,2804
2019,s.sale,1,1995-08-06T19:58,1995-08-06T19:58,1026
2020,zlamat,4,1994-10-10T08:07,1995-09-09T16:24,4216
2021,gradulovic,6,1995-09-21T22:35,1996-09-30T22:25,3942
2022,dzeos,2,1994-11-28T02:07,1995-10-16T04:06,4557
2023,malanada,1,1995-11-04T18:42,1995-11-04T18:42,3406
2024,magbet,219,1995-10-21T00:32,1995-12-09T14:05,990
2025,spunk,32,1995-10-24T01:41,1995-11-02T15:14,2489
2026,ikapoz,21,1995-08-30T15:51,1995-10-05T20:28,2786
2027,spaja,4,1993-07-06T13:36,1995-12-03T00:01,2664
2028,logan,4,1995-09-10T12:16,1996-02-14T13:30,644
2029,mocart,21,1995-07-31T12:19,1996-09-29T19:02,162
2030,zoranv,26,1994-03-30T12:24,1995-09-11T08:10,2667
2031,zkis,63,1993-12-23T22:45,1997-09-24T18:51,1970
2032,vladak,101,1991-09-28T18:23,1996-07-01T14:11,1572
2033,pmarjanovic,5,1994-06-18T09:41,1995-11-28T17:10,3843
2034,.bdd.,11,1993-11-04T10:54,1995-10-09T07:37,3481
2035,arsan,40,1995-01-26T16:59,1998-12-03T20:25,2331
2036,biggy,5,1995-11-10T22:57,1996-02-18T12:57,4090
2037,mc.kuzma,29,1995-07-12T08:04,1996-10-05T08:22,1469
2038,kaiserovasestra,10,1996-09-23T14:31,1996-10-10T17:45,1184
2039,v.dragojevic,65,1996-08-14T10:12,1997-12-15T12:18,1940
2040,negoslav,1,1996-10-22T08:32,1996-10-22T08:32,4908
2041,enco,10,1996-10-07T23:56,1996-11-02T02:00,3552
2042,mned,4,1996-10-10T22:40,1996-11-15T18:27,4217
2043,pape,2,1996-03-03T21:30,1996-03-03T21:32,4558
2044,milan.,7,1996-07-14T19:56,1996-08-25T17:45,3824
2045,pantel,2,1996-09-11T12:03,1996-09-12T08:27,4559
2046,bivanisevic,103,1994-04-13T20:23,1996-04-02T04:47,1567
2047,banga,1006,1995-03-17T00:25,1999-11-08T14:50,318
2048,cape,108,1996-02-28T11:47,1998-02-01T18:07,1546
2049,zvecanski,1,1996-05-20T22:25,1996-05-20T22:25,75
2050,tores,74,1995-08-14T03:10,1998-01-18T04:13,1832
2051,blic,1,1996-09-21T00:59,1996-09-21T00:59,4911
2052,ducijus,1,1996-02-21T19:55,1996-02-21T19:55,4909
2053,tatavlada,5,1996-05-10T00:19,1996-08-09T10:43,491
2054,mischio,3,1996-11-07T15:46,1996-12-28T14:05,4415
2055,kpetar,2,1996-06-26T11:58,1996-09-19T06:43,4563
2056,boko,80,1995-01-16T01:31,1996-07-04T21:00,1757
2057,medjed,1,1996-04-13T16:27,1996-04-13T16:27,4910
2058,ddobic,27,1994-09-28T03:42,1999-08-17T05:06,2608
2059,nmaletic,13,1996-09-30T20:08,1996-11-20T00:16,3320
2060,raty,32,1996-08-04T13:29,1997-04-22T10:29,2490
2061,spanta,4,1996-04-23T14:34,1996-04-27T17:22,3769
2062,nenadb,1,1996-06-18T19:08,1996-06-18T19:08,4914
2063,rasol,10,1994-01-16T11:39,1996-12-30T10:16,3554
2064,d.jovanovic,11,1997-01-03T17:02,1997-04-01T14:49,2615
2065,richie,51,1997-03-14T06:12,1997-07-02T15:59,2150
2066,mr.selfdestruct,1,1997-04-07T15:01,1997-04-07T15:01,4913
2067,tasos,1,1997-04-08T20:51,1997-04-08T20:51,2759
2068,agota,6,1997-04-22T05:52,1997-05-05T16:43,3943
2069,stevanovic,11,1997-02-13T22:56,1997-07-11T05:03,544
2070,tisa,1,1997-05-19T12:35,1997-05-19T12:35,4915
2071,acafaca,321,1996-10-03T11:39,1997-10-15T23:14,773
2072,jovanovic,27,1996-12-11T11:07,1997-01-28T14:13,547
2073,ivan.hoe,119,1996-06-27T19:14,1999-07-23T00:56,1463
2074,mrades,10,1996-11-22T15:10,1997-02-23T14:18,408
2075,pmatic,20,1997-01-04T22:13,1998-12-04T23:30,311
2076,kolle,1,1997-02-07T23:08,1997-02-07T23:08,4918
2077,shilya,1,1997-03-05T22:31,1997-03-05T22:31,4916
2078,zkrstin,12,1996-12-02T11:27,1997-04-16T12:39,337
2079,ivko,16,1996-05-11T18:16,1997-04-09T17:26,6798
2080,micovic,63,1997-04-15T21:49,1998-02-15T10:56,1967
2081,makro,15,1996-07-21T18:29,1996-11-22T17:37,3196
2082,maryaco,18,1996-11-22T00:16,1997-01-30T22:07,3046
2083,nmoma,4,1996-06-20T11:30,1997-01-29T07:05,1762
2084,adler,32,1997-01-10T08:27,1997-04-30T07:20,2491
2085,libo,7,1995-02-28T20:29,1997-01-20T15:51,3812
2086,studprot,12,1996-11-26T17:38,1996-12-08T21:31,3409
2087,montekristo,36,1996-09-01T21:53,1996-12-23T20:33,2424
2088,davla,15,1996-05-17T23:33,1997-06-17T12:57,3198
2089,mradovic,145,1996-02-29T00:49,1999-12-20T11:50,1274
2090,andon,31,1993-06-07T14:23,1999-10-29T12:18,2499
2091,tntota,24,1996-12-09T10:49,1997-04-27T15:55,2353
2092,boskojeremic,4,1996-12-21T23:05,1996-12-25T19:27,1492
2093,rrad,23,1995-05-22T13:25,1996-12-24T07:30,959
2094,neshas,3,1996-12-31T07:25,1997-10-29T10:14,867
2095,mancha,36,1997-04-13T23:50,1998-06-19T23:03,951
2096,redneck,8,1996-11-20T11:58,1999-04-05T08:30,718
2097,meco,54,1996-11-04T22:32,1997-02-12T10:59,1506
2098,cipi,3,1995-11-14T19:54,1996-12-13T14:01,1287
2099,mvdj,65,1997-07-17T19:43,1999-11-28T13:40,95
2100,electric,1,1997-07-19T13:46,1997-07-19T13:46,89
2101,planck,73,1997-07-20T09:56,1999-11-25T14:09,1845
2102,spremoneb,5,1996-09-20T12:35,1997-07-25T00:20,1647
2103,vujke,20,1997-07-31T14:32,1997-09-12T13:40,2934
2104,kajko,57,1997-01-27T08:37,1997-11-07T12:34,2056
2105,srdans,35,1997-05-08T11:09,1997-12-09T13:28,2434
2106,b.boskovic,10,1997-08-18T20:55,1997-10-12T10:38,1487
2107,grofa,2,1998-04-18T07:12,1998-04-20T10:55,4564
2108,oliva,20,1998-04-25T19:14,1998-07-07T16:56,2933
2109,anduril,14,1997-12-05T17:56,1998-05-25T18:52,2202
2110,medymed,58,1997-09-19T16:53,1998-06-10T15:32,2050
2111,ercegovac,8,1998-05-27T23:53,1999-05-17T22:38,1656
2112,dalek,53,1998-03-11T11:14,1999-03-05T21:55,2122
2113,vedran,11,1998-03-19T22:13,1998-08-16T18:00,2901
2114,giuliano,85,1998-08-21T21:02,1999-11-28T13:26,1704
2115,cheda,10,1998-05-06T15:36,1998-08-24T13:02,3555
2116,guxy,22,1998-04-25T16:29,1999-11-17T21:39,2841
2117,rista.m,73,1998-07-21T09:44,1999-09-19T17:31,1846
2118,pek.pi.,1,1997-08-27T05:22,1997-08-27T05:22,4917
2119,amater,7,1997-08-02T00:30,1997-11-05T22:47,3825
2120,rados,70,1996-06-17T08:25,1999-03-31T11:21,1309
2121,rajkovic,23,1997-09-09T12:54,1997-10-24T17:58,2807
2122,ddamir,99,1996-08-25T21:35,1997-09-29T19:11,1597
2123,evol,75,1998-08-20T20:08,1999-03-08T14:43,1816
2124,ziki,1,1998-12-12T01:53,1998-12-12T01:53,4919
2125,violent,29,1996-07-13T17:39,1999-11-08T21:16,2550
2126,nemac,16,1998-07-09T12:44,1999-10-14T09:18,756
2127,job.,26,1999-03-07T15:54,1999-07-27T21:04,2669
2128,giulliano,3,1997-06-04T16:52,1997-10-08T20:07,2203
2129,kreten,1,1997-10-22T08:29,1997-10-22T08:29,3809
2130,hardboy,37,1997-11-11T19:11,1998-04-23T21:26,514
2131,mmladja,7,1997-11-18T11:10,1999-07-22T12:54,3826
2132,adalv,5,1997-12-02T22:47,1998-01-09T20:54,4091
2133,clouseau,13,1997-11-04T21:59,1998-10-15T13:33,3321
2134,gogo,2,1997-10-30T20:04,1998-01-18T21:21,4565
2135,milun,22,1997-11-28T20:43,1998-02-17T20:27,2854
2136,mdejan,1,1998-01-26T15:33,1998-01-26T15:33,1821
2137,rile,20,1993-11-04T15:20,1998-03-03T00:08,2937
2138,apopovic,85,1997-12-19T04:59,1998-06-13T20:22,1707
2139,rahmanjinov,6,1998-03-05T01:15,1999-05-12T15:13,3945
2140,rox.,6,1998-03-23T14:02,1998-04-09T13:27,3944
2141,zlatan,9,1998-03-30T20:49,1998-11-15T01:35,3643
2142,nenadt,108,1997-09-13T12:36,1998-12-11T11:19,29
2143,mindcrime,124,1998-10-14T14:00,1999-11-14T19:52,1436
2144,sigmund,104,1997-08-04T14:57,1997-10-09T05:52,1563
2145,dperin,12,1997-01-07T16:50,1997-11-11T20:34,1392
2146,domatjin,17,1997-10-20T13:55,1999-03-31T19:11,3097
2147,sage,4,1997-07-23T02:14,1997-07-24T01:47,4218
2148,bnikola,6,1996-10-05T23:12,1997-09-02T01:49,3946
2149,tasicd,109,1997-08-11T18:38,1999-12-23T17:37,1534
2150,fredi,35,1998-08-17T03:01,1998-11-28T01:06,2435
2151,grubor.marin,3,1997-08-03T13:34,1997-08-10T09:32,4416
2152,cyber,9,1997-07-08T13:45,1997-11-13T14:16,3648
2153,netcomm,8,1997-09-14T21:12,1998-05-22T14:36,3741
2154,joxzo,20,1996-10-03T19:49,1999-10-21T07:39,2935
2155,nemanjas,4,1997-07-16T11:34,1997-07-29T13:49,765
2156,dimitrijevic,309,1997-03-14T10:26,1998-11-07T19:20,801
2157,draskovs,3,1997-09-15T12:35,1997-10-08T14:09,4417
2158,draganspopovic,1,1997-11-11T22:39,1997-11-11T22:39,3004
2159,mcdoc,36,1997-10-07T00:55,1998-11-07T19:03,62
2160,link,14,1996-10-20T14:54,1999-07-25T18:12,488
2161,ice.shat,17,1999-03-31T20:58,1999-08-18T13:20,799
2162,masan,39,1999-03-21T12:01,1999-08-19T14:07,2352
2163,pele.s,6,1999-03-18T22:29,1999-07-27T12:33,59
2164,bolep,28,1998-02-01T10:26,1999-08-24T10:32,821
2165,zero,40,1999-07-02T00:18,1999-11-14T09:50,2333
2166,reki.vl,1,1999-11-05T10:53,1999-11-05T10:53,4920
2167,maverik,6,1999-04-13T15:25,1999-04-13T15:35,3947
2168,vidak,255,1998-12-26T17:21,1999-11-15T22:06,877
2169,divide.by.zero,22,1999-01-09T13:04,1999-07-13T16:23,2335
2170,kobac.l,2,1999-05-13T23:35,1999-06-14T23:00,4569
2171,ggrubor,27,1999-05-13T09:40,1999-08-20T12:17,2629
2172,saboteur.jr,9,1998-09-22T14:43,1999-11-22T22:12,730
2173,imiletic,57,1999-09-01T22:37,1999-10-05T22:15,2057
2174,hboy,1,1999-10-19T08:33,1999-10-19T08:33,4921
2175,playboy,5,1999-07-29T20:38,1999-10-26T22:04,4092
2176,asilam,1,1999-05-14T08:17,1999-05-14T08:17,2105
2177,comrade,4,1999-11-30T22:39,1999-12-22T12:56,1587
2178,svlaki,55,1998-06-02T18:59,1999-12-22T14:27,114
2179,m.milos,68,1998-04-23T13:04,1999-08-22T21:33,1903
2180,nenadmo,5,1999-04-01T11:02,1999-11-30T17:57,24
2181,off.,1,1999-06-15T03:13,1999-06-15T03:13,2285
2182,yupc,40,1990-04-24T22:53,1994-03-26T17:04,2338
2183,rlazic,50,1991-02-10T13:30,1992-01-29T16:16,2184
2184,kjelena,12,1991-05-25T20:20,1991-07-05T19:59,3410
2185,mladjo,7,1990-12-26T14:12,1991-02-22T06:55,3827
2186,ptodic,4,1991-04-12T21:35,1994-07-23T11:40,4219
2187,frenki,7,1991-01-23T12:47,1991-05-06T09:18,3828
2188,cleme,4,1991-05-16T21:26,1991-06-29T17:30,4220
2189,ivujanic,662,1990-10-31T19:56,1992-10-12T08:20,407
2190,rklinar,49,1990-04-10T13:52,1991-09-12T22:17,2193
2191,zivan,8,1991-05-05T14:31,1991-06-10T06:46,3271
2192,gbiocic,81,1991-04-26T14:23,1992-10-06T03:01,1753
2193,petko,17,1991-07-09T18:23,1991-09-07T22:49,7067
2194,tgorisek,11,1990-05-26T17:26,1991-05-11T18:33,3485
2195,nesic,62,1990-10-02T06:11,1992-11-01T10:51,1978
2196,bjankovic,64,1989-11-28T00:17,1992-06-02T10:59,1962
2197,sjankovic,33,1991-01-13T23:28,1991-08-13T22:46,2462
2198,dmatijasic,25,1991-03-13T09:58,1991-08-14T05:17,2731
2199,apricot,38,1990-12-08T18:08,1992-02-15T22:55,2371
2200,malba,7,1991-04-27T20:20,1991-07-01T17:57,3829
2201,crynik,35,1990-08-05T22:04,1991-07-06T20:36,2436
2202,mean.machine,6,1991-07-02T01:49,1991-09-18T23:41,3948
2203,znevenic,67,1991-06-11T10:18,1995-12-11T12:01,1916
2204,vuckovic,6,1991-03-12T16:13,1991-08-13T11:43,3950
2205,joza,32,1990-11-28T14:36,1991-09-23T18:17,2492
2206,agiljanov,7,1989-12-17T17:54,1991-06-18T17:21,3830
2207,chege,8,1991-01-09T01:02,1991-10-08T07:10,3742
2208,kzvk,1,1991-05-22T07:48,1991-05-22T07:48,4922
2209,domazet,1,1991-03-11T17:06,1991-03-11T17:06,4106
2210,maja,4,1990-12-17T14:51,1991-03-29T08:01,4230
2211,mknezic,16,1990-07-25T07:01,1991-01-18T14:16,3155
2212,vini,6,1991-08-15T16:20,1991-10-16T00:18,2827
2213,vzivkovic,43,1990-04-02T11:59,1991-10-14T11:56,2289
2214,coja,15,1991-02-12T18:46,1995-09-26T11:57,3199
2215,ivandy,2,1991-08-29T06:57,1991-09-03T07:55,4116
2216,tiki,9,1991-01-28T22:30,1991-08-31T13:33,3650
2217,sberic,27,1991-08-17T13:25,1991-12-11T17:13,2630
2218,piter,119,1991-07-17T21:35,1995-03-07T06:39,1464
2219,cikan,6,1991-09-04T20:39,1991-09-06T16:07,3953
2220,srle,5,1991-08-20T03:46,1991-10-18T02:10,173
2221,jregasek,20,1989-11-21T18:33,1994-04-08T11:13,2936
2222,draganj,15,1990-10-05T17:39,1991-12-19T09:03,3200
2223,dferbar,12,1991-03-03T14:21,1992-04-05T14:03,3412
2224,pmarkovic,1,1991-10-21T20:53,1991-10-21T20:53,3844
2225,konst,10,1991-06-10T22:02,1994-01-23T02:20,3561
2226,aradovanovic,14,1990-02-28T00:08,1991-11-13T23:18,3255
2227,kerol,1,1991-10-03T12:58,1991-10-03T12:58,3747
2228,momcha,4,1991-10-21T17:43,1993-06-23T15:49,4231
2229,zocha,55,1991-08-31T21:43,1992-06-10T15:13,2079
2230,dlozic,35,1990-11-26T15:24,1992-01-18T11:20,2438
2231,dragan.juric,34,1991-11-22T23:54,1992-11-05T15:26,2448
2232,bocko,18,1992-02-04T06:35,1992-12-27T07:03,3050
2233,ntrbojevic,15,1989-12-23T13:45,1992-03-04T10:41,3201
2234,iivanisevic,38,1991-04-15T07:53,1993-04-27T13:57,2373
2235,boskovicd,2,1992-03-25T20:29,1992-10-18T06:40,1496
2236,dusanp,211,1992-02-13T23:18,1993-10-10T17:52,252
2237,siki,40,1992-03-09T12:33,1993-04-06T20:38,2341
2238,george,2,1992-06-05T17:31,1992-06-14T15:11,4574
2239,hacker,36,1992-05-05T07:17,1992-12-17T11:40,2425
2240,edelic,26,1991-03-08T15:02,1992-07-19T09:59,2670
2241,jtrifunac,8,1992-06-08T14:21,1995-06-15T11:11,332
2242,acika,15,1992-06-15T17:00,1992-07-01T04:34,232
2243,pahuljica,6,1992-08-23T10:35,1993-02-23T10:07,3213
2244,boca,16,1991-12-15T12:54,1992-11-26T13:53,3156
2245,ddjula,6,1992-08-21T21:15,1992-09-29T21:32,3954
2246,zamalek,1,1992-07-10T16:50,1992-07-10T16:50,4924
2247,goranb,3,1992-09-13T21:00,1992-09-21T10:27,4418
2248,.rhinoceros.,26,1992-11-08T02:08,1992-12-20T14:49,2671
2249,lunic,8,1992-11-23T22:49,1993-04-17T23:07,3743
2250,mirossi,18,1992-12-24T23:21,1993-11-17T20:22,3047
2251,zokidr,13,1992-12-09T13:54,1993-03-18T08:22,3322
2252,stanoje,6,1992-03-13T20:19,1992-12-29T19:26,
2253,slavca,2,1992-10-31T21:05,1992-11-03T11:41,4570
2254,tarva,39,1990-08-14T17:38,1994-05-17T20:59,2354
2255,smilan,9,1993-05-24T16:51,1993-07-29T18:57,3651
2256,mladja,2,1991-09-17T21:10,1993-01-23T15:10,4575
2257,srki,17,1993-04-27T07:51,1994-08-28T11:43,3101
2258,efezani,1,1993-07-02T01:58,1993-07-02T01:58,
2259,dekim,5,1993-04-09T01:25,1994-11-15T03:06,4099
2260,markos,9,1992-12-15T09:55,1993-10-15T07:29,3653
2261,ttop,59,1992-04-28T12:07,1993-11-03T15:40,1042
2262,gobradovic,78,1991-07-26T14:59,1999-06-18T19:00,1771
2263,kare,6,1993-02-04T17:14,1993-06-12T12:52,3968
2264,draganm,336,1992-10-18T23:34,1993-11-23T23:45,746
2265,mdane,28,1993-02-24T15:12,1993-05-06T19:50,2582
2266,anenad,16,1993-06-14T21:18,1995-09-28T19:01,3157
2267,rogerover,7,1993-06-13T13:19,1994-06-27T17:22,3831
2268,dens,398,1993-04-01T21:34,1994-11-09T23:41,651
2269,zjohnny,7,1993-06-14T12:22,1993-08-22T18:05,1551
2270,sstanojev,1,1993-09-01T10:06,1993-09-01T10:06,3966
2271,dr.obradovic,19,1992-01-29T03:55,1994-03-19T03:31,1357
2272,buki,9,1993-02-26T17:08,1993-04-14T21:27,3652
2273,picard,13,1993-11-26T06:32,1994-01-09T17:10,715
2274,vprodan,11,1993-11-26T11:26,1994-01-11T22:22,3486
2275,vanjamar,1,1993-12-22T12:28,1993-12-22T12:28,4925
2276,spaun,2,1994-01-14T08:12,1994-01-28T06:48,4576
2277,jupiric,3,1993-04-04T23:43,1993-04-14T22:55,4419
2278,mdrljaca,12,1993-04-20T10:11,1993-05-15T11:55,3411
2279,boxi,4,1993-05-17T08:43,1994-11-16T11:34,1810
2280,bneskovic,2,1993-10-17T19:52,1993-10-31T21:23,4577
2281,koni,2,1993-11-01T19:17,1993-11-01T19:22,4581
2282,point,7,1993-10-27T15:16,1993-12-29T09:01,3832
2283,akojovic,31,1992-12-25T15:36,1994-06-02T14:43,2503
2284,gduric,1,1993-10-10T16:34,1993-10-10T16:34,4927
2285,kolija,1,1993-10-23T14:22,1993-10-23T14:22,4926
2286,ecvijo,3,1993-03-25T18:16,1994-02-20T18:25,4342
2287,demil,101,1992-01-05T19:33,1997-08-20T20:51,1575
2288,premaks,32,1992-12-28T23:24,1993-08-09T23:01,2493
2289,nexi,1,1993-07-26T17:25,1993-07-26T17:25,4928
2290,solajac,9,1993-06-10T19:42,1994-01-10T22:27,3654
2291,dyura,11,1993-11-10T14:31,1994-04-18T16:06,3487
2292,nikita,6,1993-03-30T14:48,1993-04-21T18:58,3970
2293,khrisafov,1,1993-06-10T11:34,1993-06-10T11:34,4929
2294,mister.h,23,1993-02-13T22:04,1995-11-10T10:17,1993
2295,acal,60,1992-11-16T09:19,1994-11-16T12:16,1997
2296,dkrstic,18,1994-01-14T15:02,1995-09-17T22:49,3048
2297,vlaxi.shadow,1,1995-06-13T13:19,1995-06-13T13:19,2356
2298,miccko,56,1994-12-30T00:24,1996-06-19T05:50,2073
2299,kresha,10,1994-06-18T02:07,1995-10-06T16:01,3563
2300,morgoth,57,1994-02-23T20:03,1994-08-09T02:43,449
2301,mizor,12,1994-03-03T19:37,1995-02-23T10:03,3414
2302,marsa,10,1994-01-26T13:23,1994-04-02T16:12,2868
2303,jsinfo,5,1994-04-06T06:34,1994-10-05T11:47,1292
2304,nvucic,1,1994-04-16T07:40,1994-04-16T07:40,4930
2305,dkova,5,1994-04-23T08:20,1994-05-02T16:00,4100
2306,vigor,30,1992-10-25T20:22,1994-11-02T10:57,2519
2307,sandra.,26,1994-07-12T15:47,1994-12-11T13:41,2673
2308,ssava,16,1994-06-05T19:04,1997-05-25T21:02,3158
2309,peja,157,1994-06-20T22:37,1994-11-10T10:25,1225
2310,ddcool,24,1994-03-28T14:06,1995-11-07T12:11,2765
2311,ogim,5,1994-08-19T09:43,1994-08-27T08:57,636
2312,ming,3,1994-08-10T22:27,1994-10-02T15:37,4420
2313,bagins,29,1994-09-30T17:41,1995-11-15T17:22,2551
2314,ndanijel,49,1994-10-15T12:32,1995-05-22T21:35,2194
2315,rccomp,31,1994-10-27T09:15,1995-10-01T16:30,2504
2316,kruska,24,1995-01-23T21:13,1996-03-19T20:30,2766
2317,flojd,5,1994-06-11T15:55,1995-02-25T10:04,4101
2318,mileticn,14,1995-04-04T20:58,1995-06-20T06:07,3257
2319,mediaco,2,1993-07-01T18:17,1994-01-25T16:20,4582
2320,ninani,7,1993-07-04T23:23,1994-03-28T13:45,3833
2321,blueboy,1,1994-02-20T11:11,1994-02-20T11:11,2605
2322,indy,9,1994-02-23T20:50,1995-01-22T11:57,3655
2323,boleq,20,1994-01-02T12:18,1997-08-19T16:21,764
2324,niko,5,1992-10-12T22:34,1994-03-10T14:16,
2325,pvasiljevic,1,1994-03-10T18:43,1994-03-10T18:43,1370
2326,rajkos,9,1993-07-06T18:43,1994-04-27T14:59,3656
2327,mmatovic,9,1990-04-10T00:18,1994-06-13T13:40,3657
2328,pik.becej,16,1994-06-15T16:39,1994-07-12T21:30,3159
2329,pmiletic,18,1994-06-08T07:55,1995-01-30T13:44,3051
2330,andreja,5,1994-08-02T11:00,1994-09-13T18:13,4105
2331,madcat,44,1994-06-23T14:03,1994-11-14T22:15,2255
2332,baranjasoft,4,1994-08-30T11:14,1994-09-14T20:02,3893
2333,mceda,7,1994-09-15T16:46,1994-12-02T10:25,3835
2334,abrkic,6,1994-10-25T16:01,1995-01-24T17:07,3971
2335,mozol,5,1994-11-17T17:18,1994-11-22T20:44,4110
2336,viktorija,1,1994-12-15T15:38,1994-12-15T15:38,628
2337,mishas,8,1995-01-18T20:03,1995-08-24T20:39,2160
2338,aseovic,90,1994-12-17T18:25,1995-09-28T09:32,1678
2339,biki,113,1993-01-24T03:36,1999-09-17T10:19,1516
2340,hpotis,9,1995-03-22T10:45,1997-08-15T06:11,3658
2341,eleoni,11,1995-04-18T13:46,1995-04-24T13:24,3488
2342,deimos,252,1995-04-25T15:08,1996-10-24T09:10,886
2343,cwele,8,1995-04-16T01:10,1995-05-20T22:50,2388
2344,pedjas,12,1995-05-15T05:13,1995-10-03T15:19,304
2345,nightshade,26,1994-11-10T10:29,1995-10-19T18:33,2674
2346,r.e.m.,5,1994-03-16T20:05,1994-04-03T11:05,4111
2347,gpplanum,10,1994-04-30T15:24,1994-06-08T13:21,3564
2348,e.kabiljo,27,1993-06-09T07:36,1996-05-23T05:36,2631
2349,farex,11,1994-03-02T18:06,1994-07-29T11:03,3489
2350,ljupce,1,1994-05-02T07:43,1994-05-02T07:43,4933
2351,fpresetnik,1,1994-05-03T18:31,1994-05-03T18:31,4934
2352,z.ziva,153,1994-06-18T21:52,1999-01-30T07:43,1243
2353,cira,42,1994-07-23T12:27,1994-12-18T10:50,2299
2354,bioing,1,1994-09-02T17:25,1994-09-02T17:25,4305
2355,zarkos,2,1994-11-14T22:48,1994-11-14T22:56,4583
2356,nilo,2,1992-02-21T07:22,1994-01-17T08:30,4584
2357,anor,4,1993-12-06T21:23,1994-06-09T19:19,4232
2358,bidza,10,1994-07-31T16:20,1994-08-12T09:09,3565
2359,panter,15,1995-02-21T14:43,1995-04-24T05:24,3203
2360,dpetr,2,1995-05-06T18:44,1995-07-08T09:05,1922
2361,shadow,39,1995-07-09T17:20,1996-11-21T11:07,283
2362,lost.cluster,6,1995-07-26T13:37,1995-08-26T17:58,3972
2363,slavko,2,1995-08-01T20:09,1995-08-01T20:13,8066
2364,kizoni,9,1996-10-31T13:58,1997-02-16T00:07,3659
2365,dr.dre,1,1996-11-04T23:04,1996-11-04T23:04,4935
2366,vcvija,4,1996-11-06T23:44,1997-01-28T22:48,4233
2367,rkovacevic,144,1996-08-31T20:34,1997-03-13T05:29,1303
2368,fdjole,5,1996-11-17T22:26,1997-06-06T05:34,4112
2369,dusank,1,1996-11-28T12:10,1996-11-28T12:10,251
2370,homer,2,1996-11-23T11:39,1996-11-29T18:05,4594
2371,snmi,1,1996-12-06T04:55,1996-12-06T04:55,3624
2372,kalim,16,1996-10-02T23:03,1996-12-11T23:34,3160
2373,psklop,4,1997-01-16T17:11,1997-02-07T23:18,4234
2374,error,2,1997-01-23T10:02,1997-01-30T13:07,4595
2375,vaiv,24,1997-03-02T15:45,1997-04-11T22:34,2767
2376,zerokul,29,1997-02-03T18:06,1997-04-13T14:36,2337
2377,raven,15,1997-04-15T21:04,1997-09-16T08:26,3162
2378,mgmilos,12,1997-04-19T08:34,1997-05-12T12:41,3413
2379,r.i.s,22,1997-04-18T21:15,1997-06-10T12:23,2855
2380,alexam,2,1997-04-26T15:28,1997-04-27T21:52,574
2381,deja,2,1997-04-22T22:24,1997-05-16T13:58,2640
2382,xlab,40,1997-04-05T10:18,1997-12-15T13:05,2343
2383,smashko,11,1997-03-22T21:55,1999-03-23T15:38,3490
2384,hadzi,96,1997-06-23T16:36,1997-09-13T16:52,1614
2385,embe,165,1996-02-09T19:44,1997-10-29T17:34,1186
2386,daewoo,34,1996-08-15T10:26,1997-08-28T07:04,2449
2387,thorn,1,1997-11-05T16:52,1997-11-05T16:52,4384
2388,trovac,26,1995-07-07T21:11,1998-05-18T21:11,2675
2389,barni,6,1997-12-11T12:31,1997-12-30T12:31,3973
2390,zorba,1,1998-01-23T19:12,1998-01-23T19:12,4936
2391,slobodanz,13,1998-02-04T20:51,1998-03-26T13:58,3323
2392,yvan,56,1998-03-22T16:17,1999-07-18T13:15,1586
2393,extasy,14,1998-04-12T12:27,1999-08-01T10:27,3256
2394,svitac,102,1997-06-21T15:28,1999-12-21T18:32,713
2395,gaga,4,1998-07-20T21:28,1999-01-31T09:10,3077
2396,muros,4,1995-08-25T10:41,1995-08-25T11:40,2039
2397,sslavoljub,21,1995-05-07T19:22,1996-09-15T21:31,2877
2398,n.jankovic,2,1995-10-02T18:38,1995-10-13T23:19,4597
2399,dr.urbano,20,1995-07-29T21:12,1995-11-22T12:18,2948
2400,danijel,37,1995-11-19T00:02,1996-04-19T22:09,2404
2401,bodu,110,1995-11-21T15:41,1996-09-23T13:03,1535
2402,usul,20,1996-01-26T10:19,1996-03-16T20:51,2947
2403,pingvin,81,1995-08-14T20:34,1996-03-08T07:42,1752
2404,gjovanovski,1,1996-03-14T17:30,1996-03-14T17:30,4938
2405,mpedja,281,1996-03-15T20:25,1996-06-09T18:51,836
2406,radev,53,1995-11-25T16:29,1997-03-19T20:30,2116
2407,duca,5,1996-04-05T19:18,1996-05-01T20:28,4114
2408,j.bojan,3,1996-03-19T15:29,1996-05-03T07:30,4421
2409,quartz,13,1996-03-17T23:06,1996-09-24T18:52,3324
2410,ljuboc,1,1996-06-25T17:13,1996-06-25T17:13,4937
2411,shearer,4,1996-08-03T17:46,1996-08-06T14:47,4235
2412,mr.x,4,1996-08-10T14:14,1996-09-06T16:33,4236
2413,cockie,19,1994-11-12T18:57,1997-03-10T07:51,2992
2414,mivan,4,1996-06-21T11:15,1996-08-31T14:19,4237
2415,jokanovicm,3,1996-09-13T07:12,1996-09-17T14:16,4422
2416,cikota,3,1996-08-27T21:15,1996-09-20T23:54,4423
2417,bgolusin,19,1995-05-31T15:13,1997-11-10T18:54,2993
2418,ivojnic,7,1994-10-13T13:42,1995-08-10T13:48,3834
2419,varsic,39,1995-08-07T09:04,1996-07-21T11:34,1871
2420,andy,5,1995-08-13T20:20,1995-10-08T20:21,4115
2421,miloje,6,1997-08-16T20:54,1997-10-17T22:43,3974
2422,mbursac,11,1997-09-20T20:46,1999-08-10T15:57,3491
2423,alan,4,1998-03-12T21:46,1998-06-21T20:04,2899
2424,dacho,71,1995-09-21T17:52,1998-07-04T14:32,1868
2425,todd,6,1995-10-15T13:58,1995-10-26T11:46,2325
2426,tmarko,3,1995-10-16T20:08,1995-12-02T19:24,2650
2427,teofil,2,1995-11-05T19:26,1995-12-05T14:52,4600
2428,fimi,21,1995-11-30T17:51,1999-02-19T00:28,2879
2429,imilan,4,1995-08-04T23:20,1998-08-06T23:17,4239
2430,gora..,1,1996-02-27T21:59,1996-02-27T21:59,4939
2431,kaplan,70,1994-11-18T05:32,1996-10-17T04:59,1881
2432,bbokica,2,1996-04-09T00:41,1996-04-12T12:59,4598
2433,stijepic.a,3,1996-01-23T11:09,1996-04-24T13:57,4424
2434,ivanb,54,1995-07-19T12:19,1996-05-28T20:41,2100
2435,jopopo,3,1996-08-17T14:21,1996-08-30T07:01,4425
2436,nudge.nudge,233,1996-05-13T20:20,1998-11-11T14:22,953
2437,superworm,4,1996-10-07T08:26,1997-01-02T17:35,3662
2438,vovi,7,1994-04-06T06:19,1996-12-10T06:25,3836
2439,gule,8,1996-07-05T18:02,1997-06-10T18:46,3744
2440,bajcetic.v,2,1997-01-17T20:24,1997-01-17T20:27,4599
2441,tstojic,14,1994-06-03T06:28,1997-04-09T23:36,1038
2442,paan,15,1996-06-19T10:44,1997-06-20T22:57,3204
2443,varp,114,1997-02-13T12:55,1999-03-12T13:30,1499
2444,dandjel,3,1995-08-08T17:59,1998-03-16T11:03,4426
2445,metuzalem,1,1997-02-25T15:21,1997-02-25T15:21,2322
2446,crazy.joe,2,1997-03-15T01:44,1997-03-15T01:44,4602
2447,goran.z,7,1997-03-15T22:08,1997-03-24T20:55,3840
2448,robot,24,1995-08-04T15:08,1997-11-13T18:27,2769
2449,celtic,72,1997-03-27T14:38,1997-06-15T08:59,1865
2450,bjtislav,12,1997-04-17T11:54,1998-11-05T16:17,3416
2451,de.vil,7,1997-07-14T11:28,1997-07-29T10:43,3841
2452,grobar,11,1997-07-25T13:27,1997-08-21T11:41,3041
2453,cinfo,5,1993-11-16T03:05,1997-08-05T11:30,4117
2454,jcerni,14,1996-03-26T14:48,1997-05-26T22:05,1166
2455,paulus,1,1995-10-04T14:19,1995-10-04T14:19,4940
2456,johnsie,5,1996-03-16T03:00,1996-05-05T21:13,3021
2457,bracap,2,1996-01-21T15:33,1996-07-29T11:32,1295
2458,raspucin,1,1997-04-12T09:46,1997-04-12T09:46,4941
2459,stevie,17,1995-08-12T10:09,1995-11-27T23:17,3115
2460,sptoza,7,1995-09-18T07:19,1996-12-05T12:07,2380
2461,pmar,7,1993-04-15T20:21,1997-04-10T14:51,3842
2462,msvdzp,4,1996-09-25T10:03,1997-03-10T08:56,4245
2463,raka,10,1995-06-08T02:14,1998-06-28T00:31,3566
2464,ivank,7,1995-11-02T08:03,1996-02-01T12:08,3846
2465,djidji,12,1995-09-28T09:23,1996-03-04T19:49,3417
2466,baltazar,2,1995-12-11T00:05,1996-08-10T21:03,4603
2467,spazin,4,1996-02-21T20:43,1996-08-06T11:05,4246
2468,ivantosic,4,1996-03-21T23:10,1996-04-07T18:29,4247
2469,vuk.,10,1996-05-29T00:39,1996-12-12T10:46,3572
2470,dejarak,13,1996-09-16T12:01,1997-04-13T13:04,3325
2471,demoler,2,1997-04-29T21:11,1997-05-29T21:56,4604
2472,duka.,6,1997-08-25T19:03,1997-09-11T20:08,3983
2473,gugi,1,1997-10-06T13:21,1997-10-06T13:21,4942
2474,pecapop,34,1996-10-31T16:01,1998-11-26T11:51,312
2475,brankog,24,1998-03-30T10:04,1999-08-06T19:16,2768
2476,ppetkovic,1,1995-09-09T01:06,1995-09-09T01:06,3113
2477,radule,11,1997-07-23T00:25,1997-08-17T00:52,3493
2478,fisek,30,1996-11-30T20:32,1998-11-22T09:57,2521
2479,han.solo,17,1997-02-08T14:59,1998-05-15T13:44,3114
2480,elminster,2,1997-10-16T09:40,1998-05-02T19:30,4605
2481,stadux,9,1995-09-18T21:59,1995-10-07T21:51,3660
2482,b.jovanovic,14,1995-08-05T22:15,1996-03-03T12:47,1447
2483,ugljesaj,1,1995-11-24T16:47,1995-11-24T16:47,4943
2484,m.dakris,1,1995-12-10T10:51,1995-12-10T10:51,4944
2485,brankom,1,1996-02-01T19:49,1996-02-01T19:49,4945
2486,super,9,1996-04-21T15:10,1997-02-26T22:11,3663
2487,ghost,3,1996-07-06T21:15,1996-07-28T19:25,4427
2488,popcycle,1,1996-11-20T19:50,1996-11-20T19:50,4946
2489,vibrahimpasic,5,1997-01-16T22:35,1997-02-28T16:53,4118
2490,ilke,1,1997-04-07T20:09,1997-04-07T20:09,2778
2491,kalaba,5,1996-01-26T15:35,1997-06-24T11:45,4119
2492,milos.e,2,1996-07-16T08:20,1996-07-19T12:04,4606
2493,torpedo,1,1996-08-15T12:07,1996-08-15T12:07,4722
2494,imarko,62,1995-04-27T20:01,1996-02-07T08:02,1982
2495,vribar,20,1995-11-09T23:59,1996-06-15T11:39,2949
2496,airplane,1,1995-12-03T16:47,1995-12-03T16:47,4947
2497,mo.lie,4,1996-09-28T22:19,1996-10-05T23:56,4248
2498,libermil,4,1997-02-13T15:17,1997-04-12T01:30,4249
2499,spetkovic,1,1997-07-11T21:57,1997-07-11T21:57,3105
2500,sasmar,23,1997-08-20T12:25,1998-01-13T17:03,2316
2501,miik,5,1997-12-10T02:15,1997-12-15T19:51,3468
2502,ksanyi,31,1997-10-02T08:47,1998-10-02T14:11,2505
2503,vanja.gv,5,1995-02-17T12:44,1995-09-30T22:43,4120
2504,mmilovic,1,1997-05-21T19:06,1997-05-21T19:06,3633
2505,cragulyatz,1,1997-05-26T14:01,1997-05-26T14:01,4948
2506,dsasa,8,1997-05-26T14:56,1997-09-11T15:52,1119
2507,interlift,11,1997-12-21T23:24,1998-01-07T23:16,3494
2508,gorstak,3,1998-02-04T22:57,1998-02-20T14:11,4429
2509,xenon,13,1998-06-26T15:59,1999-10-31T18:34,3327
2510,vukk,3,1998-09-15T12:18,1999-07-20T00:39,4428
2511,sv.ilija,2,1998-10-10T09:10,1998-10-21T10:07,99
2512,heavy,9,1995-10-27T11:24,1995-12-05T08:24,3661
2513,mariok,2,1995-11-26T09:43,1995-12-07T18:29,4607
2514,trlekl,9,1995-08-14T14:08,1996-12-12T08:30,3665
2515,miks,5,1995-12-09T19:50,1996-02-22T20:21,4121
2516,dunadan,2,1996-08-14T23:53,1996-08-16T00:42,4608
2517,vduke,6,1996-10-08T09:11,1996-10-13T11:32,1229
2518,chadjo,2,1996-11-09T08:49,1996-11-09T08:49,4609
2519,samo.tako,4,1999-01-26T05:32,1999-06-30T13:10,4250
2520,the.crow,1,1999-05-06T13:31,1999-05-06T13:31,3003
2521,arizan,40,1997-08-12T16:30,1999-08-09T12:31,1450
2522,baty,2,1999-05-20T23:32,1999-06-28T18:06,96
2523,missoni.,4,1999-07-30T22:06,1999-10-30T19:15,711
2524,pageboy,19,1998-08-13T11:24,1999-12-22T14:45,2994
2525,whiplash,17,1997-10-02T14:46,1999-12-21T19:06,3117
2526,boy.,3,1999-06-06T12:25,1999-10-08T11:27,681
2527,jonnym,77,1998-07-10T17:05,1999-12-21T22:40,1781
2528,sljubisa,2,1999-06-01T14:16,1999-06-01T23:28,3174
2529,mulan,82,1999-10-03T16:45,1999-12-23T20:53,1732
2530,kocka,22,1998-09-16T15:27,1999-10-09T16:04,2856
2531,milosch,14,1999-06-24T21:16,1999-12-17T09:09,2361
2532,zohar,9,1998-07-14T23:14,1999-03-23T16:13,3666
2533,rista.mm,6,1998-07-20T20:48,1999-06-30T21:44,1847
2534,@4,2,,,
2535,mirr,76,1990-10-09T23:23,1991-08-28T19:09,1800
2536,ddjj,22,1991-09-28T00:06,1992-09-27T23:29,2858
2537,erol,8,1991-05-30T08:26,1992-02-11T08:54,3748
2538,aleks,4,1990-04-20T15:41,1990-09-14T21:59,2691
2539,zjalusic,2,1989-12-10T14:51,1989-12-24T18:02,4547
2540,zorsolic,24,1989-11-19T23:20,1994-01-23T22:44,2089
2541,ajovanovi,9,1989-11-11T16:47,1989-12-08T01:40,
2542,djovic,3,1989-11-17T23:07,1990-03-25T01:54,
2543,nlazovic,37,1990-02-20T15:54,1991-05-23T08:32,1265
2544,iraseta,3,1990-09-07T08:33,1991-02-15T07:57,4430
2545,zoki,7,1990-11-14T00:31,1990-11-21T21:17,3850
2546,vlada,59,1991-12-23T13:03,1995-09-03T08:05,8001
2547,zurh,26,1989-12-06T08:17,1991-06-24T11:54,2693
2548,solja,4,1990-06-01T18:15,1990-06-02T11:43,2660
2549,ekolonic,15,1990-06-15T01:43,1990-07-11T23:14,3205
2550,jserafin,8,1992-01-09T06:23,1993-12-12T17:37,3745
2551,snovosel,17,1990-01-02T17:16,1990-06-23T15:13,3116
2552,genius,5,1990-04-30T01:47,1990-06-14T03:14,4122
2553,boki,2,1990-07-05T19:43,1990-07-21T16:01,
2554,rsum,5,1990-04-12T08:36,1990-09-07T15:35,4123
2555,lula,1,1990-07-24T14:25,1990-07-24T14:25,
2556,mzarkovic,3,1990-08-11T18:08,1990-08-25T21:19,
2557,djuka,1,1990-10-28T11:22,1990-10-28T11:22,1584
2558,paris,6,1991-11-14T15:02,1992-08-10T11:51,3870
2559,pjovanovic,4,1991-12-04T08:51,1992-09-02T17:23,2622
2560,djuric,4,1991-01-06T20:11,1991-03-27T09:40,4256
2561,maxes,10,1991-01-24T12:37,1991-12-06T12:52,3573
2562,jelena,1,1991-04-27T20:16,1991-04-27T20:16,8077
2563,yarra,3,1991-09-06T12:12,1991-10-03T08:25,4431
2564,mjuric,28,1990-03-21T19:34,1991-06-23T09:42,2583
2565,dusanb,5,1990-11-02T06:30,1990-11-10T06:45,
2566,amiler,48,1990-03-25T19:47,1992-10-31T07:22,2217
2567,sdolzan,7,1991-03-05T01:55,1993-01-15T08:15,3852
2568,firee,2,1991-04-15T22:16,1991-05-13T20:57,4610
2569,kizak,1,1991-10-04T09:02,1991-10-04T09:02,4274
2570,lgut.,2,1991-11-29T16:10,1992-01-19T10:30,4611
2571,sgopcevic,9,1991-07-18T16:47,1996-03-07T12:52,3667
2572,h.m.,5,1992-01-07T21:21,1992-04-11T17:03,4124
2573,slob,5,1990-04-23T11:51,1992-10-06T15:37,
2574,speskar,2,1990-11-24T06:08,1990-11-25T00:14,4614
2575,dstare,2,1989-10-31T00:56,1989-11-02T00:06,2894
2576,powderman,11,1991-07-07T16:05,1992-01-11T12:24,3496
2577,miki,20,1990-09-15T05:45,1992-03-27T07:10,
2578,jocas,2,1990-10-11T08:32,1990-10-13T22:47,4615
2579,mjovanovic,2,1991-06-07T06:56,1991-06-21T16:34,220
2580,afalout,23,1991-07-13T13:38,1991-08-21T11:51,2810
2581,charlee,1,1992-01-10T19:10,1992-01-10T19:10,4951
2582,mvrankovic,2,1990-01-15T07:27,1990-01-16T06:12,4616
2583,npopovic,5,1990-11-16T18:19,1991-03-07T09:47,3012
2584,dkornicer,2,1990-11-15T19:14,1991-02-01T15:25,4617
2585,zloncar,2,1991-05-27T18:48,1991-05-27T23:00,2874
2586,"marjan potrc",1,1989-12-01T02:23,1989-12-01T02:23,
2587,dantonic,3,1990-02-12T16:11,1990-02-14T17:54,4432
2588,ivicam,1,1990-04-05T18:53,1990-04-05T18:53,4952
2589,elektronik,1,1990-07-13T02:48,1990-07-13T02:48,4953
2590,vdjurdjic,4,1990-02-25T13:22,1990-08-31T16:10,1161
2591,mdasic,14,1990-08-02T16:56,1995-10-20T05:49,3258
2592,teexie,1,1990-09-22T20:01,1990-09-22T20:01,4954
2593,imilavec,8,1991-03-15T13:11,1991-08-03T14:25,3750
2594,borish,1,1991-05-22T21:21,1991-05-22T21:21,4955
2595,mgajic,28,1991-10-02T14:43,1992-12-07T04:05,2584
2596,tomil,112,1996-02-14T10:48,1997-06-27T01:03,1522
2597,gordan,23,1996-04-28T21:29,1997-07-02T12:50,2812
2598,borisb,62,1996-01-26T07:11,1999-03-19T19:54,685
2599,nikolt,52,1996-11-14T19:02,1999-02-13T20:22,2124
2600,akatic,10,1996-09-22T20:49,1997-11-25T18:17,3574
2601,mizzony,43,1997-03-07T10:44,1999-07-21T13:20,714
2602,jlazor,29,1995-02-03T06:52,1998-10-02T05:39,1258
2603,goris,2,1997-05-20T10:09,1997-05-20T10:17,4618
2604,salev,44,1996-06-23T11:19,1999-05-30T10:05,1020
2605,colombo,14,1997-02-21T16:38,1998-02-11T15:28,3259
2606,migoran,36,1997-05-22T07:36,1997-12-15T04:02,2426
2607,valentina,5,1998-06-18T12:03,1998-08-31T20:19,4136
2608,blazo,2,1997-10-14T14:49,1997-12-03T20:18,1259
2609,zstojkovic,25,1997-09-08T16:42,1999-10-08T08:26,2732
2610,kabo,73,1998-04-17T12:22,1999-08-03T21:11,1848
2611,rstepano,12,1992-11-29T17:10,1999-03-01T15:49,2980
2612,zelkop,36,1991-05-24T16:22,1997-10-05T08:10,2428
2613,gorand,45,1998-05-30T22:20,1999-09-17T15:10,2238
2614,mr.fantasy,13,1998-11-24T13:23,1999-07-03T01:05,3326
2615,t.milos,3,1999-06-29T22:13,1999-07-31T12:24,2365
2616,nmiletic,3,1999-06-04T10:28,1999-08-24T17:04,4433
2617,techno,1,1997-09-22T11:11,1997-09-22T11:11,3182
2618,chula,10,1994-10-16T13:30,1997-10-08T12:52,3575
2619,duskos,20,1997-11-12T15:51,1997-12-01T00:38,1216
2620,mission,9,1997-12-13T16:20,1998-04-18T18:34,3149
2621,nightrider,12,1997-04-11T14:29,1998-05-03T03:57,3418
2622,dcvetanovic,1,1998-02-22T17:24,1998-02-22T17:24,4956
2623,trifunovica,1,1997-11-01T01:34,1997-11-01T01:34,1858
2624,freak,1,1998-07-31T08:56,1998-07-31T08:56,3086
2625,bascarevic,2,1998-09-12T11:28,1998-09-24T13:40,693
2626,debelizmaj,7,1998-12-24T20:18,1999-02-27T20:13,2440
2627,iivanic,775,1995-06-25T02:24,1999-07-28T06:40,368
2628,sprokic,9,1997-07-26T20:18,1998-03-26T17:47,3668
2629,steve.wai,49,1997-09-17T23:14,1998-02-08T03:34,1973
2630,arnaut,3,1998-06-07T17:27,1998-07-22T20:31,4434
2631,sledge,4,1997-01-02T17:13,1998-03-18T11:22,862
2632,brankoz,24,1997-04-26T08:33,1997-06-22T07:10,2770
2633,misha,5,1996-07-07T10:37,1997-10-29T07:15,4135
2634,devugo,132,1996-02-10T08:12,1999-03-10T19:49,1376
2635,bamba,6,1997-09-09T22:22,1999-10-28T22:05,97
2636,acos,13,1996-09-20T12:39,1998-09-03T07:09,3330
2637,avis,2,1997-11-13T06:29,1997-11-21T08:49,4619
2638,biljka,15,1996-08-18T10:11,1998-02-12T08:17,1634
2639,lazzaro,67,1997-10-06T16:58,1997-12-12T11:07,1917
2640,pill,2,1998-02-17T20:18,1998-02-22T16:24,3034
2641,vtosev,28,1997-03-29T12:15,1998-11-10T11:42,2585
2642,gnbzz,1,1998-03-03T11:40,1998-03-03T11:40,4958
2643,dtatomirovic,93,1993-10-06T05:48,1995-11-24T03:30,1651
2644,mpresburger,35,1993-10-29T19:44,1994-02-17T22:45,2437
2645,vidic.s,3,1994-01-28T13:09,1994-04-08T23:59,3424
2646,rboskovic,57,1991-04-23T09:41,1996-03-23T22:19,1493
2647,njovanovic,10,1993-10-21T17:52,1994-01-21T19:19,2624
2648,mdukic,7,1993-10-15T12:45,1993-12-29T10:53,523
2649,dubos,72,1992-10-01T00:58,1997-02-08T17:41,1867
2650,bestbp,15,1993-08-07T17:49,1994-01-31T18:47,3206
2651,dmihajlovic,4,1993-09-08T14:48,1993-12-10T07:21,2750
2652,albor,29,1992-02-25T22:46,1993-11-29T18:46,2553
2653,ldragan,8,1993-01-08T13:50,1993-12-03T09:59,3752
2654,magic,1,1994-01-09T06:50,1994-01-09T06:50,4960
2655,sbodulic,1,1994-01-17T09:19,1994-01-17T09:19,1536
2656,sir.oracle,65,1993-05-18T05:32,1995-10-15T12:37,1941
2657,mcgoran,8,1993-09-28T21:25,1995-02-15T09:14,2429
2658,zkadovic,9,1993-05-21T23:05,1994-02-22T11:11,3669
2659,vasom,1,1993-12-30T18:01,1993-12-30T18:01,3184
2660,mitra,1,1993-10-10T10:25,1993-10-10T10:25,4962
2661,misop,3,1993-10-27T05:31,1994-07-18T23:53,3993
2662,datalab,13,1993-06-28T09:53,1994-01-29T23:42,3328
2663,agrbanka,2,1993-11-10T12:58,1993-11-24T10:27,4621
2664,pros,1,1993-12-14T22:53,1993-12-14T22:53,1045
2665,vpaunovic,7,1994-01-04T12:25,1995-09-20T07:44,3854
2666,niki,1,1993-10-21T19:12,1993-10-21T19:12,4968
2667,best,3,1993-11-15T10:36,1994-02-03T10:10,4226
2668,mzgrdja,14,1994-01-17T20:42,1995-05-27T09:42,3260
2669,malenovi,1,1994-01-02T06:22,1994-01-02T06:22,4970
2670,nikola.p,11,1994-01-22T11:13,1995-08-13T14:31,3495
2671,make.me,114,1993-10-18T11:29,1995-03-22T01:26,1500
2672,civljak,2,1993-12-19T10:57,1993-12-30T11:58,
2673,jovancha,3,1993-12-20T16:41,1994-01-06T01:58,952
2674,tinkerbell,1,1994-01-01T07:14,1994-01-01T07:14,4971
2675,monban,2,1994-01-19T11:16,1994-04-22T23:28,4622
2676,luke,2,1994-04-03T18:47,1994-04-16T09:11,4623
2677,tomics,1,1994-06-17T00:03,1994-06-17T00:03,4972
2678,gorke,26,1994-03-09T14:28,1994-06-22T18:23,2692
2679,lisse,24,1994-02-05T05:50,1994-09-27T13:03,2771
2680,vega,8,1994-03-20T19:27,1994-04-18T17:10,3753
2681,kockar,2,1994-04-17T08:18,1994-04-17T17:16,2857
2682,iobrovacki,18,1993-01-25T20:38,1994-03-28T12:08,2592
2683,dprohaska,14,1994-02-21T12:33,1994-06-24T09:42,3261
2684,zizo,3,1994-03-29T18:24,1994-04-05T07:39,4437
2685,gaslanidis,19,1994-05-13T12:15,1995-03-25T13:44,2995
2686,vmijatovic,1,1994-02-19T19:09,1994-02-19T19:09,4973
2687,goranm,14,1994-02-27T18:44,1995-11-17T19:51,3263
2688,kompani,1,1994-04-02T21:13,1994-04-02T21:13,2501
2689,ziva,14,1994-04-04T12:43,1995-05-15T08:09,3267
2690,zmaj,35,1991-05-09T23:56,1994-04-13T03:12,2441
2691,yocika,3,1994-04-27T09:22,1994-09-22T16:40,4438
2692,djdule,9,1994-04-29T08:58,1994-05-23T16:28,3670
2693,alexp,2,1994-05-15T19:42,1994-07-03T16:57,4624
2694,szim,2,1994-05-26T12:16,1994-05-27T05:58,4625
2695,danej,33,1994-01-14T22:54,1995-11-26T08:11,2463
2696,orlovicd,4,1994-06-06T20:29,1995-02-05T11:58,4257
2697,tij.ma.ta.,4,1994-03-08T20:16,1994-04-14T16:47,4258
2698,milonja,9,1994-06-27T19:26,1994-08-10T18:45,3672
2699,vsuzic,13,1993-11-10T10:16,1994-10-26T15:29,3329
2700,sony,2,1993-09-11T19:10,1994-04-18T23:27,4627
2701,ddabic,26,1993-12-22T08:37,1995-10-31T17:06,1235
2702,gregory,1,1994-02-23T12:08,1994-02-23T12:08,1319
2703,mobh,10,1994-03-06T10:08,1994-04-21T15:22,3576
2704,msimas,11,1993-01-27T17:26,1994-06-20T07:31,3497
2705,nikola,1,1994-08-08T19:34,1994-08-08T19:34,
2706,infoberza,3,1994-09-15T11:52,1994-12-28T14:07,3671
2707,rafi,4,1994-12-16T12:16,1994-12-31T14:12,4259
2708,mmanuel,4,1994-11-07T09:10,1995-06-23T21:00,4261
2709,deva,16,1994-09-02T14:21,1995-07-13T22:30,2761
2710,akole,11,1994-09-24T02:05,1995-08-02T09:06,2249
2711,zako,6,1994-04-26T10:52,1995-06-19T15:16,3985
2712,svemic,14,1993-04-05T12:29,1995-03-22T10:26,3273
2713,bdjuricic,27,1994-12-31T13:17,1995-04-14T20:34,2632
2714,roki,1,1994-08-18T12:31,1994-08-18T12:31,4977
2715,kimi,2,1994-09-04T14:32,1994-09-08T17:45,2699
2716,vandjus,4,1994-04-12T06:40,1994-09-23T13:34,4260
2717,duzle,69,1994-09-23T22:07,1995-06-16T14:26,1890
2718,batagogi,4,1994-10-01T19:48,1994-10-30T15:34,4262
2719,vdosen,19,1994-04-14T13:15,1996-02-18T16:30,2996
2720,mvuk,2,1994-10-21T08:41,1995-03-07T11:32,4628
2721,dr.coha,113,1994-11-25T20:10,1998-03-21T17:28,1514
2722,mike,10,1994-10-06T15:17,1995-04-09T04:35,1828
2723,zdanilo,1,1994-08-08T06:59,1994-08-08T06:59,1202
2724,ztolic,1,1994-09-17T10:55,1994-09-17T10:55,4979
2725,dpetrov,77,1994-10-23T13:49,1996-07-09T14:12,1782
2726,pttsa,1,1994-11-27T14:47,1994-11-27T14:47,4981
2727,sines,19,1993-06-25T07:18,1995-06-03T22:03,2998
2728,lkadenic,1,1994-12-02T10:47,1994-12-02T10:47,4980
2729,mmiki,5,1994-04-21T15:40,1995-02-22T13:34,2962
2730,dobrad,1,1994-11-11T12:40,1994-11-11T12:40,4982
2731,matan,11,1994-11-29T16:21,1995-02-06T20:45,3498
2732,ljuba.k,4,1995-02-11T15:52,1995-02-24T21:40,4263
2733,sdjordjevic,10,1994-09-28T22:00,1994-10-17T20:33,3577
2734,billy,12,1995-04-13T14:56,1995-08-31T22:11,3419
2735,bkaradzic,88,1995-01-09T14:43,1995-12-08T09:33,1154
2736,daca,11,1994-06-26T19:44,1995-08-08T08:20,3474
2737,popsoft,5,1995-08-06T15:24,1995-08-28T07:38,4137
2738,dpop,8,1995-07-31T00:48,1996-05-17T16:29,3754
2739,atech,63,1995-08-22T19:59,1996-02-08T15:48,1968
2740,mick,7,1995-05-07T21:11,1995-09-05T15:13,2846
2741,sdjuric,6,1995-09-11T17:28,1995-11-17T07:16,3987
2742,zverko,11,1995-06-22T20:48,1996-04-25T11:40,3499
2743,zorpet,13,1992-06-07T07:54,1995-09-29T16:16,3331
2744,bekin,12,1995-04-13T07:13,1996-08-07T15:00,2696
2745,dragulj,18,1995-04-26T19:43,1995-07-20T14:46,3052
2746,aquarius,69,1993-07-15T23:09,1996-04-18T08:02,1893
2747,jooo,4,1995-02-15T22:23,1995-06-21T07:26,4264
2748,marcony,6,1995-04-04T09:22,1996-10-03T07:53,458
2749,pivan,5,1995-05-22T12:44,1995-10-08T16:25,4138
2750,klub,3,1995-09-06T10:42,1995-09-07T15:36,4440
2751,pbane,2,1995-09-27T08:49,1995-09-27T08:53,4630
2752,haski,32,1995-07-31T11:51,1995-12-07T20:55,2494
2753,bristic,7,1995-03-10T16:00,1995-12-09T11:27,2917
2754,brankoni,2,1995-04-10T07:54,1995-06-22T14:10,4579
2755,ajovetic,1,1995-07-16T11:36,1995-07-16T11:36,4983
2756,pidza,11,1995-02-14T00:08,1996-02-27T11:11,3500
2757,mamba,79,1995-01-12T13:07,1996-03-16T19:22,1760
2758,mzikic,11,1995-03-22T20:46,1996-09-05T19:11,3502
2759,clale,7,1992-08-18T09:36,1995-12-05T02:05,2138
2760,mmmilan,2,1995-07-17T03:15,1995-07-23T20:02,2741
2761,itomi,2,1995-08-29T15:33,1995-09-01T00:57,4633
2762,bodim,1,1995-09-15T17:31,1995-09-15T17:31,4984
2763,dkeres,2,1995-10-01T16:34,1995-10-02T01:24,4635
2764,viel,1,1995-03-19T22:58,1995-03-19T22:58,2111
2765,dzela,5,1995-03-19T20:15,1995-05-08T19:00,4139
2766,flash,8,1993-03-17T19:30,1995-07-20T14:16,3755
2767,rss.brothers,4,1995-08-06T14:57,1995-09-25T21:47,965
2768,borko,9,1994-05-22T21:22,1995-04-02T08:06,3677
2769,kapetan.kuka,3,1995-03-12T18:55,1995-03-18T19:19,4439
2770,interexport,3,1995-03-22T09:31,1995-03-23T09:45,4442
2771,darkovas,2,1995-03-05T19:19,1995-03-05T19:21,4636
2772,aleki,3,1995-07-12T09:46,1995-10-25T06:32,4443
2773,sdujic,10,1995-02-20T08:56,1996-11-22T09:29,3584
2774,radenko,2,1995-03-10T15:30,1995-03-21T16:35,4640
2775,vajta,1,1995-05-26T14:36,1995-05-26T14:36,967
2776,sandman,3,1995-06-22T16:02,1995-06-27T00:54,4444
2777,nglisic,4,1995-09-07T13:01,1996-04-19T04:28,4265
2778,netcomp,4,1995-05-01T02:50,1995-08-08T06:25,4266
2779,zaphod,2,1995-10-16T13:45,1995-11-10T10:15,4646
2780,bloody,3,1995-10-18T15:02,1995-11-03T19:44,4445
2781,jhalas,1,1996-03-20T14:02,1996-03-20T14:02,4985
2782,ramirez,12,1996-07-16T10:19,1996-08-29T15:41,1181
2783,micke,11,1996-08-19T13:04,1997-05-25T21:19,2514
2784,drdjokic,37,1993-11-09T08:09,1997-08-26T05:21,2399
2785,vorti,17,1997-02-01T15:56,1997-04-09T20:03,3118
2786,m.lover,11,1997-04-24T09:48,1997-05-15T22:11,3503
2787,ripper,19,1997-05-10T18:58,1997-05-21T14:59,2997
2788,v.jovic,14,1996-11-24T19:59,1997-03-10T16:10,3272
2789,abosko,8,1997-02-23T23:01,1997-12-17T12:05,1486
2790,branc,5,1996-11-07T15:47,1997-07-27T06:38,4140
2791,alozaic,2,1996-03-15T21:05,1996-05-01T20:29,4648
2792,ksenija,15,1996-04-25T16:35,1997-01-21T18:42,3207
2793,npeca,10,1996-09-02T14:44,1997-01-09T07:25,933
2794,azivkovic,2,1996-09-16T13:35,1996-10-01T17:53,4647
2795,susaaleksandar,3,1996-10-17T12:59,1996-11-10T14:07,4447
2796,pantelic,4,1996-10-25T11:34,1996-11-01T20:45,4267
2797,justin,1,1996-10-20T01:35,1996-10-20T01:35,4987
2798,gassem,1,1996-11-16T18:17,1996-11-16T18:17,4986
2799,ta.hox,11,1996-05-18T17:45,1996-09-22T16:02,3504
2800,samir,2,1996-11-26T16:53,1996-11-27T18:25,4649
2801,malisa.music,2,1996-12-08T20:26,1996-12-15T16:38,4650
2802,ialeksic,51,1993-07-12T19:30,1995-11-14T10:41,2151
2803,vladika,8,1996-07-25T18:25,1997-05-10T18:50,3756
2804,sibins,6,1995-10-30T00:24,1995-11-04T22:59,3989
2805,icile,28,1995-10-12T18:44,1996-04-27T23:00,2586
2806,brdjanin,2,1996-02-06T06:17,1996-02-06T06:29,4651
2807,strsa,1,1996-07-18T07:52,1996-07-18T07:52,2071
2808,ozren,5,1995-11-28T12:20,1996-11-18T19:41,4142
2809,bboss,17,1996-05-31T16:25,1997-04-11T15:14,3119
2810,nikik,1,1996-12-29T20:23,1996-12-29T20:23,4967
2811,nesamka,1,1997-01-14T15:02,1997-01-14T15:02,2002
2812,makss,20,1996-08-06T06:47,1997-09-19T14:12,2966
2813,bpapic,7,1995-10-01T18:07,1995-10-25T13:27,3855
2814,taxman,4,1996-09-12T17:49,1996-10-02T15:14,4269
2815,boris.peca,1,1996-10-21T18:22,1996-10-21T18:22,932
2816,matke,29,1996-10-28T08:14,1998-03-05T22:42,2552
2817,caba,8,1996-08-04T17:31,1996-11-11T01:13,3757
2818,beatle,66,1996-10-19T22:38,1999-09-19T22:08,1934
2819,mackb,6,1992-08-03T09:31,1997-01-05T16:37,1509
2820,stego,2,1997-02-05T20:29,1997-02-05T20:35,2981
2821,hell,1,1997-02-07T20:47,1997-02-07T20:47,1281
2822,ztodorovic,2,1996-11-20T15:57,1997-02-22T00:11,2321
2823,rooky,1,1997-03-18T13:28,1997-03-18T13:28,4988
2824,mitchel,1,1997-04-22T10:58,1997-04-22T10:58,4989
2825,rigo,1,1995-11-13T08:48,1995-11-13T08:48,4992
2826,ramke,10,1995-12-10T12:11,1996-03-10T15:58,3585
2827,brankost,3,1996-03-09T19:23,1997-01-19T19:18,4446
2828,borland,2,1996-03-25T15:05,1996-04-22T09:13,3674
2829,benko,22,1996-05-15T15:59,1997-04-14T08:22,2860
2830,milank,4,1996-08-10T08:02,1996-11-10T16:02,4271
2831,vpetra,1,1996-05-29T15:35,1996-05-29T15:35,4993
2832,vmilic,1,1996-06-14T19:33,1996-06-14T19:33,1208
2833,hipol,3,1996-06-19T06:05,1996-08-27T06:03,4448
2834,djapic,1,1997-01-13T15:52,1997-01-13T15:52,4994
2835,fiola,4,1995-04-16T17:52,1996-07-02T09:31,4277
2836,sida,1,1995-10-25T18:50,1995-10-25T18:50,4996
2837,mbarjak,10,1996-04-12T10:34,1999-03-02T08:22,3586
2838,puki,6,1997-04-18T19:52,1997-07-17T17:24,3990
2839,gstefan,1,1996-02-10T20:39,1996-02-10T20:39,4997
2840,jborko,4,1996-05-04T16:18,1996-05-26T08:11,3673
2841,dspasic,9,1996-04-23T21:00,1998-02-24T05:08,3679
2842,kubicela,2,1995-07-16T09:24,1996-06-03T18:02,2815
2843,bozovic,1,1996-07-20T18:28,1996-07-20T18:28,4998
2844,bomil,8,1996-07-23T19:50,1997-09-12T05:59,3758
2845,mladenka,9,1996-09-06T20:36,1996-11-02T17:27,3680
2846,karlo,1,1996-03-19T18:45,1996-03-19T18:45,1152
2847,ddjura,32,1995-05-16T14:26,1995-12-08T09:55,2495
2848,sjakovljevic,1,1995-10-14T17:26,1995-10-14T17:26,2170
2849,fmiroslav,3,1996-08-09T15:45,1996-09-26T16:09,4449
2850,kitic,2,1997-04-14T14:04,1997-06-10T17:06,4596
2851,alice,1,1996-05-28T10:38,1996-05-28T10:38,1399
2852,spop,1,1996-02-14T10:16,1996-02-14T10:16,5000
2853,savic,1,1997-01-21T18:43,1997-01-21T18:43,5011
2854,djela,2,1997-03-12T07:09,1997-03-18T09:46,4653
2855,slaninar,3,1997-04-16T18:33,1997-04-18T19:59,4450
2856,vracko,26,1994-02-25T11:34,1997-03-27T22:13,2694
2857,kamioni,5,1995-04-13T12:46,1996-10-05T13:11,4141
2858,bsiki,4,1995-07-11T12:36,1996-11-22T11:39,2340
2859,rademr,4,1996-12-24T19:40,1996-12-29T17:37,4278
2860,taske,4,1996-04-05T18:08,1996-10-01T16:00,4279
2861,adjuric,1,1996-07-27T10:39,1996-07-27T10:39,4251
2862,zemunac,3,1996-11-29T23:55,1996-12-01T01:09,3336
2863,gmbm,600,1997-10-25T10:37,1999-07-30T16:29,452
2864,djuran,39,1998-09-09T16:27,1999-11-30T16:43,2357
2865,srki.,343,1997-09-03T07:03,1999-11-05T19:56,729
2866,snovak,106,1998-01-19T07:44,1999-02-15T07:46,581
2867,teac,5,1998-12-14T17:02,1999-07-02T12:34,4146
2868,raki,13,1998-04-17T21:56,1999-11-11T11:45,3333
2869,cupavko,159,1997-08-13T00:30,1999-06-03T18:07,688
2870,duky,28,1998-09-19T21:08,1999-10-09T21:22,2587
2871,coki,87,1998-07-31T08:08,1999-08-19T16:45,1692
2872,stale,102,1997-09-04T10:29,1999-10-29T08:36,1569
2873,kuza,27,1992-05-02T15:40,1998-09-19T21:17,1467
2874,batas,2,1998-12-28T19:24,1999-01-15T06:56,4654
2875,osubotic,22,1998-06-18T12:37,1999-09-21T14:46,2859
2876,pippen,4,1999-01-29T11:37,1999-08-04T17:18,537
2877,rajkoc,15,1998-10-14T21:33,1999-09-17T16:11,1851
2878,zjoxa,2,1999-07-20T16:06,1999-07-23T08:53,4027
2879,sale.cvele,9,1998-03-12T21:29,1999-09-19T15:52,1019
2880,cesar,10,1999-10-08T18:28,1999-11-25T10:19,298
2881,pepis,40,1997-09-30T07:16,1999-12-23T04:52,299
2882,ducakaja,14,1998-02-10T09:37,1999-11-23T15:03,3274
2883,gaca,8,1998-12-17T22:33,1999-10-12T08:37,3759
2884,bavas,46,1997-11-15T09:49,1999-03-24T14:52,2231
2885,madra,8,1999-10-09T17:39,1999-11-21T12:21,3180
2886,mansell,25,1997-10-26T23:20,1999-12-21T14:34,2734
2887,popovic,19,1998-11-21T12:35,1999-12-20T17:23,2400
2888,boomer,6,1998-11-12T15:32,1998-11-24T13:51,2165
2889,bstefano,18,1997-08-25T16:49,1998-12-20T12:43,61
2890,daba.,4,1998-11-02T19:34,1999-07-24T12:01,4280
2891,pyc.,16,1996-06-18T13:47,1999-07-28T08:13,1878
2892,miluta,7,1999-09-21T16:04,1999-10-13T18:36,128
2893,malisan,1,1999-10-22T21:43,1999-10-22T21:43,710
2894,dika,2,1999-12-18T17:19,1999-12-23T10:18,2775
2895,dziva,28,1997-03-05T20:11,1999-11-17T02:08,1591
2896,kavajas,17,1997-11-10T01:39,1998-12-10T14:14,3120
2897,korisnik,3,1999-01-28T16:10,1999-02-10T15:54,2835
2898,grk.,2,1999-06-15T19:03,1999-06-15T19:05,4655
2899,jovanz,4,1999-05-10T15:21,1999-12-16T11:15,4281
2900,info,4,1999-07-22T04:57,1999-08-23T22:00,4282
2901,deky,1,1999-12-19T04:16,1999-12-19T04:16,1588
2902,hall,5,1998-06-18T13:24,1998-09-16T18:07,487
2903,jlaki,4,1998-02-13T13:33,1999-02-13T09:27,3930
2904,ivkeb.,4,1998-10-18T14:13,1999-01-07T17:25,893
2905,looka,7,1998-10-03T11:29,1998-10-23T20:57,3856
2906,frenky,2,1998-09-12T10:59,1998-11-01T23:22,4656
2907,radoje,1,1998-12-10T20:42,1998-12-10T20:42,5018
2908,nmarija,13,1998-05-21T07:09,1999-05-26T21:25,3332
2909,atila,11,1998-05-03T13:30,1999-06-25T10:14,3505
2910,urosh,3,1997-11-20T08:10,1998-08-28T15:00,2164
2911,petama,4,1996-09-16T15:40,1999-06-02T12:45,4285
2912,mise,6,1999-01-13T18:20,1999-01-25T14:35,3991
2913,z.ana,4,1999-01-26T10:00,1999-02-13T19:54,4286
2914,cafi,2,1998-12-03T12:29,1999-01-28T13:23,127
2915,koske,16,1998-05-13T06:32,1998-10-08T09:00,3102
2916,usladic,63,1997-10-29T14:33,1999-09-02T10:53,1969
2917,banes,8,1997-08-19T10:48,1999-11-18T10:33,3763
2918,ivivko,2,1999-02-11T08:52,1999-07-04T11:20,3146
2919,josip,4,1998-03-01T18:11,1999-11-12T08:27,4289
2920,zlikepec,23,1998-09-08T15:40,1999-05-21T21:17,2811
2921,cantona,4,1998-05-09T01:03,1998-10-01T17:39,4287
2922,nbarackov,25,1997-10-17T06:34,1999-02-18T08:46,30
2923,angie,2,1998-11-08T18:43,1998-11-08T18:50,4657
2924,gudra,1,1998-11-28T19:11,1998-11-28T19:11,3076
2925,stil,1,1999-02-23T07:06,1999-02-23T07:06,2246
2926,bdespotov,3,1999-03-30T20:26,1999-11-16T17:29,3238
2927,banconi,1,1999-07-24T16:44,1999-07-24T16:44,5033
2928,tandzo,4,1998-12-16T15:36,1999-07-05T15:58,4288
2929,luki,1,1999-03-04T17:08,1999-03-04T17:08,4873
2930,ytvuk,5,1998-01-28T21:35,1999-11-03T12:39,4147
2931,pane,70,1996-06-07T12:51,1998-05-26T20:27,1889
2932,pentijum,5,1997-09-06T15:37,1997-12-02T09:29,761
2933,coda,9,1997-01-12T09:36,1998-04-24T08:59,1631
2934,miksa,46,1997-09-07T21:55,1997-11-05T17:50,2232
2935,dr.gale,9,1997-10-03T11:52,1998-04-17T20:19,3681
2936,bramis,2,1997-11-26T08:17,1997-11-26T08:18,4505
2937,ostoja,1,1997-12-11T21:18,1997-12-11T21:18,2467
2938,mcateer,20,1998-01-07T09:30,1998-03-06T09:45,2967
2939,reprotim,3,1998-02-04T07:02,1998-02-04T16:49,697
2940,tomica,15,1997-05-09T10:59,1998-03-17T15:52,1035
2941,comsys,3,1998-02-25T14:55,1998-03-24T13:23,781
2942,mmaki,61,1998-01-14T13:34,1998-05-09T11:27,1987
2943,seagull,4,1998-04-27T16:42,1998-05-14T19:25,4302
2944,kebra,12,1997-12-20T17:13,1998-07-15T18:48,3420
2945,duga,7,1998-07-09T16:30,1998-10-23T11:00,1736
2946,ziko,5,1997-08-20T08:02,1997-08-31T15:37,4148
2947,nmom,17,1995-11-13T16:36,1997-12-03T18:23,1850
2948,brana,4,1997-10-17T18:41,1998-01-25T02:41,4304
2949,branimir,7,1997-10-16T16:16,1997-11-01T18:18,2018
2950,bozilovn,4,1997-08-23T20:01,1997-11-22T19:00,1857
2951,bodark,8,1997-05-22T16:59,1998-02-20T07:51,3029
2952,buckic,4,1998-03-15T17:22,1998-04-04T09:24,4303
2953,souln,10,1998-02-16T11:08,1998-07-20T12:37,1015
2954,draganma,1,1997-10-01T13:43,1997-10-01T13:43,745
2955,branijan,8,1997-12-15T17:57,1999-09-27T19:34,135
2956,jokic,10,1997-12-26T08:36,1998-01-07T10:26,3588
2957,peran,5,1997-02-09T21:07,1998-02-14T10:49,1393
2958,sanja,13,1998-01-31T12:20,1998-02-23T08:54,3352
2959,bas.,3,1997-11-02T19:39,1998-06-08T09:54,113
2960,voya,4,1998-04-12T19:11,1998-05-03T12:21,4309
2961,vidic,12,1998-02-24T21:53,1998-04-12T06:52,3423
2962,moki.dz,3,1998-05-02T09:54,1998-05-10T15:08,995
2963,mbluna,17,1997-09-02T22:33,1998-07-13T08:01,2106
2964,vicic,2,1997-10-01T16:39,1997-11-07T13:20,4658
2965,vesna.s,7,1997-09-17T14:38,1998-04-10T04:54,1944
2966,milpaun,7,1997-10-25T08:15,1998-03-03T18:24,3857
2967,mimap,6,1998-04-18T14:40,1998-10-22T02:31,720
2968,dorcolac,1,1997-12-18T23:50,1997-12-18T23:50,5034
2969,wlada,1,1998-03-01T19:31,1998-03-01T19:31,5035
2970,jovmil,1,1998-04-28T07:26,1998-04-28T07:26,5036
2971,aris,7,1995-09-18T09:06,1998-05-15T10:10,3864
2972,drjemira,8,1997-12-31T11:50,1998-08-02T15:58,3764
2973,mpop,7,1996-10-25T20:20,1997-11-13T15:34,3873
2974,cune,2,1997-09-19T11:55,1997-11-21T20:22,310
2975,sanjac,1,1998-02-21T11:29,1998-02-21T11:29,3351
2976,peda,7,1998-02-23T09:21,1998-04-19T09:21,3875
2977,exel,2,1998-02-24T15:47,1998-02-28T15:51,4664
2978,gajus,5,1997-09-15T21:13,1997-12-14T17:22,4149
2979,spoonman,4,1998-03-21T09:26,1998-06-19T14:03,4307
2980,dasan,6,1997-07-08T16:36,1997-12-04T19:28,3994
2981,necko,1,1997-11-14T12:15,1997-11-14T12:15,5037
2982,zico,2,1997-11-22T20:42,1997-11-25T19:14,4665
2983,wolf.a,2,1998-03-17T02:11,1998-03-27T20:45,4150
2984,svetozardz,10,1997-12-17T21:26,1998-08-10T20:01,2375
2985,rlukic,7,1995-09-28T12:33,1998-05-07T11:13,3877
2986,dasavic,6,1997-08-14T12:22,1997-10-01T08:57,3995
2987,jekicz,3,1997-08-25T07:57,1997-08-26T12:21,4452
2988,kaja,10,1997-08-25T21:36,1997-11-27T21:35,1823
2989,beatifullgirl,6,1996-03-11T00:43,1997-08-30T17:56,3996
2990,jadran,2,1997-09-06T21:00,1998-02-28T00:33,4666
2991,gdevrnja,30,1998-02-11T13:09,1998-06-26T09:29,2520
2992,mradosav,5,1998-02-10T11:15,1999-01-29T16:07,723
2993,zeleni.zub.,1,1998-04-20T16:04,1998-04-20T16:04,5038
2994,xeryus,1,1998-06-30T15:52,1998-06-30T15:52,5039
2995,mirkoisanja,1,1997-09-13T13:22,1997-09-13T13:22,3350
2996,scuba,1,1997-10-26T21:22,1997-10-26T21:22,3017
2997,wolf,5,1994-08-16T13:06,1997-12-12T16:13,3087
2998,asevo,2,1997-12-22T06:35,1997-12-22T06:42,4668
2999,vladamil,2,1998-02-25T20:49,1998-03-08T16:58,492
3000,slobapop,2,1998-03-03T08:46,1998-05-08T08:20,4125
3001,belobrkovic,5,1998-03-05T15:01,1998-03-17T14:24,4151
3002,st.james,2,1998-03-05T20:40,1998-08-10T23:44,4669
3003,paganini,2,1997-10-08T06:16,1997-12-18T09:49,4670
3004,veritas,1,1997-10-02T07:48,1997-10-02T07:48,5040
3005,rilakz,4,1995-02-09T15:29,1995-03-04T18:14,4310
3006,nrile,3,1995-03-19T21:02,1995-03-25T01:14,2940
3007,gjoca,2,1994-11-19T10:57,1994-11-20T13:39,4671
3008,mvanja,1,1995-04-19T01:50,1995-04-19T01:50,5041
3009,mmirko,7,1994-12-02T07:56,1995-05-16T10:24,3247
3010,marti,4,1994-09-16T11:02,1994-12-19T17:28,4319
3011,mmm.gm,1,1994-11-04T01:51,1994-11-04T01:51,5042
3012,zdoran,3,1995-02-27T00:56,1995-03-12T16:30,4453
3013,jelenica,2,1995-03-12T13:18,1995-03-23T09:56,1293
3014,finus,5,1994-10-29T14:53,1995-06-27T13:34,4152
3015,rave,16,1995-06-14T18:57,1996-07-15T10:04,3163
3016,acrobat,2,1996-11-22T01:21,1996-11-26T17:40,4672
3017,rookie,2,1995-09-25T10:04,1995-10-26T09:10,4673
3018,sarpop,6,1992-09-15T07:03,1996-01-26T16:41,3997
3019,biljana,3,1995-11-18T17:53,1995-12-05T20:37,2791
3020,atos,1,1995-11-27T15:01,1995-11-27T15:01,5044
3021,lradisa,2,1995-12-08T17:40,1995-12-08T17:47,4241
3022,edbvova,26,1996-05-10T21:45,1996-08-01T08:29,2695
3023,zagor,4,1996-08-11T08:01,1996-08-12T17:48,4325
3024,bart,4,1996-09-16T23:19,1996-10-10T05:12,4327
3025,bono,6,1996-10-19T10:38,1996-10-20T10:03,4001
3026,bratislav,3,1996-06-26T12:30,1996-09-24T16:55,4460
3027,cdavor,1,1995-11-27T18:18,1995-11-27T18:18,2885
3028,plukovic,14,1995-08-03T17:07,1996-09-27T08:36,3275
3029,dbeljic,11,1995-11-26T22:15,1996-11-14T23:05,1167
3030,e.l.f.,14,1996-07-01T14:00,1996-07-29T19:07,3276
3031,nbjvsc,2,1996-07-09T18:39,1996-12-01T22:41,
3032,jejops,2,1996-07-18T18:48,1996-07-24T20:13,4674
3033,astro,1,1997-01-30T19:36,1997-01-30T19:36,4637
3034,davor,21,1995-07-09T14:33,1995-10-04T15:42,2887
3035,jazavac,4,1996-11-17T11:16,1996-11-22T13:35,4328
3036,tgor,9,1996-11-27T19:57,1997-05-15T17:41,2206
3037,gavran,6,1997-01-21T17:59,1997-02-13T16:25,3998
3038,gnjida,6,1996-01-30T21:06,1996-04-15T13:43,4002
3039,cleric,3,1996-09-06T19:09,1996-09-19T15:10,1805
3040,a.montana,1,1996-07-16T17:25,1996-07-16T17:25,5046
3041,sinadin,2,1997-02-02T14:38,1997-02-02T14:45,4008
3042,banejak,1,1996-06-19T08:11,1996-06-19T08:11,2167
3043,riddler,6,1995-12-03T23:00,1996-11-06T12:26,1747
3044,blaza,3,1995-11-04T19:32,1995-11-30T15:51,4462
3045,zire,5,1996-11-11T20:34,1997-03-02T14:16,4153
3046,lakshmy,1,1997-02-18T19:54,1997-02-18T19:54,1661
3047,dracula,7,1996-06-23T11:24,1996-12-30T20:54,3879
3048,bokipaja,1,1996-12-30T09:10,1996-12-30T09:10,2661
3049,zerocool,1,1997-01-26T17:55,1997-01-26T17:55,2334
3050,mvera,3,1996-05-11T09:39,1997-06-11T12:29,1630
3051,nikolab,1,1996-10-06T21:42,1996-10-06T21:42,5047
3052,bbogdan,1,1995-10-12T14:54,1995-10-12T14:54,5048
3053,coffee,1,1995-10-14T14:42,1995-10-14T14:42,5051
3054,njaukovic,1,1996-02-28T12:33,1996-02-28T12:33,5050
3055,hyper,1,1996-06-16T17:34,1996-06-16T17:34,1318
3056,specmedico,1,1996-08-19T14:28,1996-08-19T14:28,3369
3057,b.a.t.a.,3,1996-09-28T06:19,1996-11-05T04:56,4463
3058,nenadus,1,1996-11-14T16:50,1996-11-14T16:50,5052
3059,galjos,3,1997-01-16T12:29,1997-01-21T16:49,4464
3060,blank,1,1996-11-12T08:10,1996-11-12T08:10,5053
3061,djepeto,4,1995-07-17T18:42,1995-09-17T19:46,4329
3062,unter,1,1996-07-08T05:02,1996-07-08T05:02,2209
3063,wwweeed,10,1996-07-20T18:16,1996-08-06T04:59,3596
3064,strax,1,1997-02-01T01:10,1997-02-01T01:10,5056
3065,dr.aids,17,1996-08-01T14:24,1996-09-16T04:45,3121
3066,ssuzana,1,1997-05-31T18:34,1997-05-31T18:34,5057
3067,stricomfi,9,1997-12-04T19:11,1998-04-05T16:55,3682
3068,suri,5,1998-08-02T14:22,1998-10-15T09:48,1307
3069,k.e.c,3,1999-01-07T01:54,1999-03-29T16:32,4465
3070,black.widow,8,1997-04-05T15:44,1999-01-20T14:36,55
3071,ililjupce,1,1998-03-24T20:54,1998-03-24T20:54,4931
3072,zoby,3,1998-04-30T17:34,1999-03-06T00:04,4466
3073,queen.diamond,1,1998-08-16T21:27,1998-08-16T21:27,63
3074,boriss,2,1998-07-28T19:25,1998-11-11T21:14,686
3075,lazai,10,1997-07-27T00:38,1998-01-19T17:49,3597
3076,sid.,27,1998-06-29T07:33,1999-03-23T15:52,2633
3077,jastog,1,1997-03-18T12:24,1997-03-18T12:24,4005
3078,ana.a,3,1997-09-14T10:54,1997-10-02T21:12,4467
3079,jevdjovic,1,1997-12-05T18:16,1997-12-05T18:16,758
3080,tokyo,6,1998-01-12T10:43,1998-01-18T19:27,4003
3081,ristaa,1,1998-03-12T23:17,1998-03-12T23:17,5058
3082,snupy,5,1999-01-14T10:55,1999-01-14T23:25,4157
3083,nikolami,2,1998-12-12T13:02,1999-06-24T09:30,4109
3084,enigma,2,1997-05-11T08:59,1997-05-12T07:37,1948
3085,fowler,1,1999-07-11T11:53,1999-07-11T11:53,32
3086,sashae,4,1997-05-27T12:36,1997-06-10T14:28,4014
3087,click,25,1997-07-03T15:07,1999-02-21T11:26,2733
3088,jogy,2,1997-08-10T04:58,1997-08-11T21:19,4676
3089,gaazdaa,5,1997-03-14T18:01,1997-04-06T12:21,4156
3090,vojka.,2,1999-01-13T15:19,1999-01-19T01:12,1657
3091,roule,3,1999-01-16T04:52,1999-01-19T13:16,4471
3092,mileisasa,11,1998-10-02T12:48,1999-09-19T10:23,1117
3093,joke.,4,1998-05-03T11:41,1998-08-31T07:19,2121
3094,vper,5,1996-11-17T20:50,1997-03-20T12:03,4158
3095,murphy,5,1997-07-19T07:09,1997-09-24T09:46,4160
3096,cvijica,16,1992-02-19T01:24,1993-02-17T20:14,3161
3097,alukic,1,1992-05-13T21:32,1992-05-13T21:32,4861
3098,timothy,34,1992-03-29T07:45,1993-02-09T17:20,2450
3099,zsavic,12,1992-02-25T00:15,1993-07-27T11:11,3421
3100,bajaterp,2,1992-11-22T13:26,1992-12-02T08:08,1729
3101,zelmil,27,1992-08-01T16:28,1995-04-27T06:51,2634
3102,nrobert,9,1992-05-25T15:58,1993-03-10T07:43,291
3103,amilanov,63,1991-10-04T21:57,1993-03-10T19:17,1971
3104,dkocic,1,1992-04-11T14:03,1992-04-11T14:03,5059
3105,psti,19,1992-03-03T12:37,1994-07-13T08:01,3001
3106,k.sasa,10,1992-08-15T09:00,1992-11-23T17:59,3598
3107,zminjevic,2,1992-09-21T08:18,1992-09-21T10:27,4677
3108,bgonev,1,1992-10-11T17:09,1992-10-11T17:09,5060
3109,du.da,13,1991-04-05T23:14,1992-12-20T16:21,3349
3110,nkocev,1,1992-12-11T21:00,1992-12-11T21:00,5061
3111,prefa,8,1993-01-16T08:43,1993-02-09T19:24,3765
3112,ale.,3,1993-01-26T17:54,1993-03-24T18:26,4468
3113,darco,2,1993-02-14T17:12,1993-03-10T14:06,4340
3114,sveto,38,1992-05-26T19:31,1992-10-25T22:20,5337
3115,bata,1,1992-04-18T03:12,1992-04-18T03:12,6702
3116,tigar.pirot,1,1992-11-16T09:35,1992-11-16T09:35,2915
3117,vemizor,2,1993-07-25T02:38,1993-08-11T16:40,3415
3118,dprod,3,1992-01-06T09:57,1993-04-03T18:54,4470
3119,svaba,5,1993-09-19T06:27,1993-12-08T11:29,4162
3120,dsasic,9,1993-03-22T11:05,1995-09-22T10:35,3684
3121,dino,6,1991-01-18T14:29,1993-05-31T12:56,7330
3122,mihajl,9,1993-01-22T16:24,1993-05-14T03:34,7074
3123,mbane,1,1993-07-08T21:48,1993-07-08T21:48,5062
3124,torbica,8,1992-11-25T01:33,1993-04-20T13:27,3766
3125,durut,11,1993-05-08T10:48,1993-07-11T09:56,3509
3126,seovic,2,1993-06-09T19:10,1993-06-11T15:49,4679
3127,fcrnogorac,12,1993-11-27T14:50,1994-10-29T10:22,3422
3128,qwerty,1,1993-08-11T20:58,1993-08-11T20:58,5069
3129,srdjanr,3,1994-12-18T06:55,1994-12-18T07:17,4472
3130,cosa,7,1994-03-25T07:20,1994-09-27T16:12,3880
3131,cinkler,8,1995-04-06T22:25,1995-05-13T12:48,3767
3132,d.nikolic,1,1995-05-10T13:40,1995-05-10T13:40,5070
3133,panta,8,1995-05-14T10:26,1995-11-29T19:21,3770
3134,ddusan,19,1991-12-30T02:09,1995-08-10T04:36,253
3135,bbato,2,1995-08-11T07:43,1995-08-11T08:48,4680
3136,gorang,2,1995-10-08T06:06,1995-10-08T07:21,4681
3137,mmiso,2,1995-11-08T13:48,1995-11-09T11:03,4682
3138,mmackovic,4,1995-11-14T23:15,1996-01-22T22:01,3290
3139,sunny,5,1996-07-16T17:58,1996-07-20T13:10,4161
3140,vlada.m,2,1997-02-26T18:20,1997-08-02T21:07,2864
3141,jmisa,7,1994-05-06T00:40,1994-05-09T23:18,152
3142,bboba,1,1994-06-11T09:57,1994-06-11T09:57,5072
3143,atasic,21,1994-07-10T19:57,1995-07-06T23:28,2880
3144,dvrekic,1,1995-01-04T08:36,1995-01-04T08:36,5071
3145,vla.sta,6,1995-02-10T20:59,1996-02-18T19:58,4013
3146,pirke,42,1995-01-31T22:45,1995-11-15T00:49,2304
3147,nesamk,2,1995-10-25T02:23,1995-11-15T21:41,2005
3148,vracic,4,1995-10-01T09:12,1996-03-01T10:51,4330
3149,epsilon,4,1996-05-18T12:17,1996-06-15T11:47,4331
3150,first,2,1996-09-23T19:37,1996-09-30T09:48,4683
3151,salemiki,1,1997-01-31T06:47,1997-01-31T06:47,1022
3152,bvladimir,10,1996-07-22T17:17,1997-04-24T18:20,3599
3153,tdjerdj,44,1996-03-03T13:37,1997-05-21T20:47,2256
3154,fluid,6,1994-02-21T19:25,1994-06-03T09:47,1456
3155,mmarko,2,1997-04-22T20:51,1997-04-24T19:43,4684
3156,zkostic,4,1995-04-03T00:46,1995-04-07T02:07,3430
3157,ilicj,3,1995-11-12T08:59,1995-12-03T07:39,4473
3158,llll,1,1996-09-22T09:14,1996-09-22T09:14,5002
3159,wqwqwq,1,1998-04-11T23:23,1998-04-11T23:23,5073
3160,cpav,3,1992-07-09T13:21,1994-03-05T17:06,4474
3161,savo,1,1994-11-22T15:58,1994-11-22T15:58,5076
3162,ddincic,20,1990-01-29T00:12,1992-12-11T11:35,2969
3163,iboskovic,3,1990-04-06T03:57,1990-05-10T11:11,1498
3164,bozak,11,1991-12-02T07:43,1992-02-03T04:55,3510
3165,rcojba,14,1992-03-26T07:19,1992-12-25T13:33,3277
3166,matejk,5,1990-11-01T14:48,1991-03-18T19:42,4163
3167,zika,1,1990-11-01T16:47,1990-11-01T16:47,5081
3168,vmiljevic,1,1990-11-30T15:23,1990-11-30T15:23,
3169,igriner,2,1991-01-10T23:17,1991-01-10T23:19,4685
3170,balexov,25,1990-11-03T17:12,1991-12-04T14:05,
3171,zkristek,10,1990-09-07T23:05,1991-03-04T22:10,3601
3172,ademiri,2,1990-11-17T13:49,1991-02-28T20:53,4686
3173,ebusic,17,1991-01-18T00:16,1991-08-30T23:35,3123
3174,zoranstef,1,1991-06-16T21:50,1991-06-16T21:50,3695
3175,sasha,6,1991-04-30T23:40,1991-07-29T10:32,1003
3176,zcodor,4,1991-08-01T07:50,1991-09-05T10:19,4332
3177,tdragan,2,1991-08-24T07:56,1995-04-11T13:46,4687
3178,dbojic,1,1991-10-06T13:35,1991-10-06T13:35,5082
3179,dodicki,3,1991-11-12T19:56,1991-12-07T09:11,4475
3180,zstevan,6,1991-09-30T01:49,1991-12-03T12:29,4015
3181,rnedjeral,8,1989-12-17T15:14,1990-05-04T08:50,
3182,pbeciric,5,1990-05-01T02:29,1990-05-03T22:12,4164
3183,sradisic,1,1990-06-04T21:43,1990-06-04T21:43,5083
3184,pjero,8,1991-04-04T07:32,1991-06-19T13:49,2891
3185,yoki,7,1992-01-06T02:33,1992-06-13T20:13,3881
3186,aignjatijevic,1,1990-01-07T06:22,1990-01-07T06:22,5084
3187,sabi,4,1990-10-22T21:27,1991-01-30T15:13,4333
3188,jbebic,3,1991-02-09T11:43,1992-04-12T11:00,4476
3189,dzdravkovic,1,1991-10-05T17:29,1991-10-05T17:29,5085
3190,drpavlov,3,1992-04-30T15:50,1993-03-11T19:10,4477
3191,zvodopija,5,1989-11-30T01:28,1991-08-25T13:18,4165
3192,znesovic,9,1990-04-11T13:57,1991-04-01T13:32,3685
3193,sremmy,2,1990-06-13T23:44,1990-06-13T23:46,4688
3194,cuba,19,1990-02-18T12:46,1992-02-21T18:48,3018
3195,bim.,1,1991-09-10T04:59,1991-09-10T04:59,5091
3196,zvuk,5,1991-11-17T17:20,1992-03-20T10:03,4166
3197,mostar,1,1991-11-22T06:27,1991-11-22T06:27,5089
3198,jjoe,7,1992-01-07T22:02,1993-03-22T21:38,3882
3199,ltrajkovic,3,1992-03-06T15:37,1992-03-11T08:49,
3200,marvin,9,1992-03-01T19:49,1992-03-29T18:08,292
3201,msinigoj,1,1990-01-17T21:32,1990-01-17T21:32,5092
3202,dgolubic,2,1990-03-09T15:53,1990-04-14T08:58,4689
3203,dejanpolo,7,1990-05-09T10:50,1990-06-19T09:20,1483
3204,bpanjak,1,1990-10-14T01:26,1990-10-14T01:26,5093
3205,sboskovic,6,1990-11-08T15:59,1991-01-14T16:44,1497
3206,bjirecek,12,1990-09-18T08:50,1996-08-25T21:33,3425
3207,kaza,8,1991-02-24T02:44,1991-05-21T00:10,3775
3208,sradman,4,1991-04-23T21:59,1991-05-15T21:33,4334
3209,jtoma,14,1991-08-08T05:20,1992-02-12T11:21,911
3210,iri.ic,10,1991-08-08T10:48,1991-09-16T11:50,3600
3211,cece,3,1991-09-11T03:35,1991-11-09T23:21,4478
3212,oslavko,1,1991-11-20T07:08,1991-11-20T07:08,4591
3213,jsalai,30,1991-12-14T23:32,1993-01-25T12:53,2531
3214,joja,2,1992-05-13T12:00,1992-05-24T13:34,4690
3215,ikarasi,12,1991-07-15T12:17,1991-09-13T05:01,3427
3216,predragp,2,1991-08-29T12:52,1991-11-13T14:35,4691
3217,djidja,2,1991-11-19T07:10,1991-11-22T06:26,4692
3218,senadm,2,1990-06-04T00:59,1990-06-30T23:34,4694
3219,zjermilov,12,1991-01-31T19:23,1992-12-17T10:56,3426
3220,zmilan,7,1992-03-26T21:18,1992-04-25T17:03,3883
3221,mradulovic,17,1990-03-04T09:05,1991-03-11T22:03,3122
3222,maxa,3,1990-03-06T09:20,1993-04-24T01:12,183
3223,energo,4,1990-05-27T15:23,1993-08-06T15:56,4335
3224,popac,5,1990-06-13T20:06,1991-07-29T19:47,4168
3225,sanosoft,4,1991-01-21T21:00,1991-01-21T21:00,4336
3226,alberto,1,1991-06-23T14:20,1991-06-23T14:20,2739
3227,bingo,16,1991-10-16T18:04,1994-11-20T07:09,3166
3228,mdubaic,8,1992-04-27T09:11,1992-06-09T14:02,3772
3229,vdjacanin,2,1992-05-11T17:00,1992-05-20T12:42,4693
3230,jmirilovic,1,1990-01-06T09:05,1990-01-06T09:05,
3231,mdjukic,10,1990-10-09T17:50,1995-10-07T18:06,1578
3232,alapatanov,4,1991-03-18T06:46,1991-04-05T21:00,4337
3233,romanv,1,1991-05-23T05:52,1991-05-23T05:52,5094
3234,ssremcev,1,1991-12-19T12:17,1991-12-19T12:17,5096
3235,ikap,2,1992-02-04T19:51,1992-02-08T20:56,4695
3236,dbrnik,3,1992-03-24T08:11,1995-02-11T02:38,4479
3237,blaya,2,1993-06-08T14:34,1993-06-11T17:13,4696
3238,mdjuric,7,1991-10-14T06:29,1995-08-22T07:28,3884
3239,dvokshi,8,1992-04-30T18:57,1992-09-17T17:57,3776
3240,mikeli,4,1993-03-09T18:12,1993-07-08T16:51,3582
3241,rasalau,42,1992-10-10T06:50,1993-05-15T17:11,2303
3242,istankovic,1,1992-10-17T10:57,1992-10-17T10:57,5095
3243,djoskovski,29,1992-06-17T02:17,1993-01-05T01:06,2554
3244,duduk.,8,1993-01-21T06:16,1993-04-27T14:09,2458
3245,bstam,2,1993-03-14T12:51,1993-04-06T11:18,3860
3246,mgoran,7,1992-09-17T09:29,1993-04-12T10:13,3886
3247,darc,4,1992-11-21T20:56,1993-04-28T20:44,4339
3248,fole,9,1992-11-24T01:25,1993-10-17T21:18,3686
3249,sule,50,1993-02-23T18:10,1995-12-05T19:39,2188
3250,sivana,2,1992-06-16T10:47,1992-07-17T04:36,1667
3251,dvukotic,1,1992-06-27T22:50,1992-06-27T22:50,5097
3252,ijov,4,1993-01-10T22:09,1993-02-15T23:10,4344
3253,miller,2,1992-10-24T08:44,1992-10-24T08:45,4697
3254,parrow,1,1992-10-25T07:37,1992-10-25T07:37,5098
3255,p.stojanovic,7,1992-11-19T04:41,1992-12-23T02:53,3887
3256,speci,8,1992-07-29T09:39,1995-08-25T07:44,3370
3257,sova,9,1992-09-13T21:54,1992-12-09T01:57,3689
3258,laacy,2,1993-06-04T04:00,1993-06-04T12:14,4698
3259,zkos,12,1992-12-13T03:42,1996-05-08T04:32,3431
3260,daki,1,1993-06-13T04:27,1993-06-13T04:27,3817
3261,lola.com,7,1992-03-25T11:58,1993-06-27T12:17,1094
3262,v.neda,2,1992-07-25T23:42,1992-11-08T15:37,4699
3263,dexon,1,1992-10-21T14:07,1992-10-21T14:07,5099
3264,charlie,9,1992-07-14T06:24,1995-02-01T10:29,3693
3265,b.milan,1,1992-10-17T18:15,1992-10-17T18:15,5100
3266,gepa,2,1993-02-06T15:28,1993-02-08T03:39,4435
3267,dexa,1,1993-03-01T20:41,1993-03-01T20:41,3192
3268,lokko,7,1993-03-03T13:36,1993-07-29T23:48,3888
3269,imtel,13,1992-10-30T09:24,1993-03-29T13:25,3353
3270,amigo,12,1992-12-16T22:53,1993-01-06T21:39,3428
3271,tildikoka,1,1993-02-12T06:03,1993-02-12T06:03,5101
3272,zorans,9,1993-04-19T16:37,1993-12-18T11:51,3694
3273,filipovicd,2,1993-06-20T19:01,1993-06-20T19:02,4700
3274,raleks,14,1993-06-23T00:12,1993-09-19T23:39,3280
3275,mjolic,5,1993-08-31T23:58,1994-02-18T04:31,4167
3276,i.igor,2,1994-02-02T01:45,1994-02-07T00:15,4701
3277,zrgluscevic,5,1994-01-30T18:38,1994-07-18T17:31,4169
3278,oduz,7,1993-09-18T10:02,1993-10-16T20:42,1891
3279,i.sajic,11,1993-10-23T03:07,1993-11-01T23:45,3511
3280,milened,1,1993-12-25T17:19,1993-12-25T17:19,5103
3281,moscar,1,1994-04-25T08:32,1994-04-25T08:32,2973
3282,zzdravko,1,1993-07-05T12:38,1993-07-05T12:38,5102
3283,solex,16,1993-07-13T18:12,1994-03-08T18:20,3165
3284,kalej,2,1994-01-23T22:07,1994-01-23T22:09,365
3285,trnavac,2,1994-01-29T10:15,1994-01-30T11:38,4702
3286,isimic,16,1993-05-18T10:07,1994-12-16T20:38,3167
3287,veljkos,1,1993-11-09T20:24,1993-11-09T20:24,5104
3288,mkristian,1,1994-03-06T07:36,1994-03-06T07:36,5105
3289,imperator,5,1994-04-15T00:31,1994-07-09T10:19,4170
3290,jugoran,11,1993-08-24T19:46,1994-03-30T09:08,3512
3291,vdizdarevic,1,1993-07-02T20:52,1993-07-02T20:52,5106
3292,iradovic,2,1993-07-28T00:41,1993-07-31T21:52,4703
3293,ceca,1,1994-04-24T19:06,1994-04-24T19:06,5107
3294,argus,4,1994-04-25T19:37,1994-05-28T17:46,4347
3295,dstojicevic,3,1993-11-11T10:22,1993-11-16T16:03,4480
3296,alatisko,4,1992-12-11T18:41,1993-12-27T23:27,4358
3297,berry,3,1994-05-27T00:21,1994-07-07T00:19,4481
3298,nigra,4,1994-06-15T06:34,1994-07-02T07:25,4348
3299,mostic,6,1994-07-26T02:53,1994-08-10T23:21,4016
3300,drrun,2,1994-10-20T08:05,1994-10-20T08:06,4704
3301,zoranj,3,1994-11-26T20:48,1994-11-28T11:08,4482
3302,markoni,22,1994-10-14T15:20,1995-03-22T12:09,2861
3303,dex...,2,1994-12-09T11:52,1994-12-12T14:59,4705
3304,miomiri,2,1994-12-23T12:05,1995-01-24T10:05,4706
3305,misai,4,1994-07-05T11:24,1994-09-07T06:46,3380
3306,enjoy,2,1994-09-04T19:39,1995-04-09T08:20,4707
3307,ilalic,2,1994-09-18T21:48,1994-09-22T21:25,4709
3308,bozur,5,1994-05-05T17:12,1994-05-12T23:37,4171
3309,sevos,12,1994-03-14T09:19,1995-02-17T08:59,3429
3310,keli,3,1994-05-18T09:25,1997-05-06T11:27,2317
3311,sisalac,5,1994-01-11T19:31,1994-07-31T18:52,4172
3312,vljubic,1,1994-08-03T05:16,1994-08-03T05:16,5108
3313,branislav,1,1994-09-25T07:04,1994-09-25T07:04,
3314,mpetkovic,1,1994-10-07T03:07,1994-10-07T03:07,5109
3315,skele,1,1994-11-18T17:30,1994-11-18T17:30,3107
3316,shile,1,1994-08-18T08:19,1994-08-18T08:19,3357
3317,bdragan,1,1994-11-13T00:10,1994-11-13T00:10,5116
3318,ssubotic,1,1995-01-03T12:05,1995-01-03T12:05,5117
3319,dupol,2,1995-01-10T08:24,1995-01-28T13:55,4708
3320,jjovanovic,2,1994-10-13T22:25,1994-10-16T22:29,2621
3321,melazar,1,1994-11-05T22:33,1994-11-05T22:33,5118
3322,vvelinov,18,1994-05-26T11:24,1995-03-08T07:23,3053
3323,ngujic,1,1994-08-23T06:42,1994-08-23T06:42,5119
3324,mmik,2,1994-10-18T08:43,1994-12-03T11:26,901
3325,zranko,1,1994-07-11T18:29,1994-07-11T18:29,5120
3326,inikolic,18,1994-09-26T20:06,1995-02-25T22:34,3054
3327,marko.dj,3,1995-01-03T10:58,1995-01-06T09:32,4484
3328,kldragan,2,1994-07-14T10:02,1994-07-23T11:14,3751
3329,zebra,2,1994-07-29T00:12,1994-08-17T13:10,4710
3330,milosk,2,1994-11-22T21:36,1994-11-25T09:14,668
3331,deniogi,3,1995-05-23T06:30,1995-06-14T06:07,165
3332,dninkov,4,1995-02-11T15:41,1995-03-19T08:57,4349
3333,sdmitar,2,1995-02-26T22:40,1995-02-27T23:13,2469
3334,vbumbasirevic,3,1995-02-27T20:15,1995-03-02T15:14,4485
3335,zakic,5,1994-06-09T09:37,1995-05-30T07:24,1072
3336,gtrifunovic,2,1995-03-18T19:03,1995-03-20T09:52,4711
3337,jpinta,10,1995-05-11T05:04,1995-11-21T06:21,3602
3338,drakita,2,1995-05-24T17:45,1995-05-26T00:25,3344
3339,tizabela,1,1995-06-07T18:45,1995-06-07T18:45,5121
3340,zgolub,9,1994-05-15T11:17,1995-03-28T05:32,2848
3341,zraspudic,3,1995-05-26T05:59,1996-11-02T08:10,4486
3342,doctor,4,1995-06-08T22:04,1995-06-27T09:53,4351
3343,moskva,2,1995-06-30T17:00,1995-06-30T18:51,4712
3344,dciric,1,1995-03-27T17:23,1995-03-27T17:23,5122
3345,alexey,1,1995-04-05T22:01,1995-04-05T22:01,5123
3346,bobone,2,1995-01-30T18:11,1995-06-05T14:10,3303
3347,boss,1,1995-02-24T15:19,1995-02-24T15:19,5125
3348,bvesna,3,1994-06-15T10:54,1996-04-24T11:55,1951
3349,rmitrovic,5,1995-06-02T23:19,1995-06-19T01:34,4173
3350,cureaa,1,1995-05-20T05:58,1995-05-20T05:58,437
3351,jandjelkovic,1,1995-05-27T11:34,1995-05-27T11:34,5126
3352,pppp,1,1995-04-11T22:36,1995-04-11T22:36,5127
3353,rola,6,1995-02-09T12:08,1996-08-08T12:06,4017
3354,amilos,1,1995-05-25T16:53,1995-05-25T16:53,5131
3355,mole,1,1995-03-23T16:41,1995-03-23T16:41,5130
3356,timot,4,1995-01-05T09:48,1995-01-30T09:13,4355
3357,magnat,1,1995-03-19T16:00,1995-03-19T16:00,4765
3358,dpeskir,1,1995-03-21T01:29,1995-03-21T01:29,5133
3359,filmil,1,1995-05-13T19:01,1995-05-13T19:01,5134
3360,m.mostar,5,1994-08-02T06:22,1996-06-09T14:19,2133
3361,dzaja,17,1996-01-27T18:25,1996-06-01T07:05,3124
3362,vocka,1,1995-07-19T12:01,1995-07-19T12:01,5136
3363,ttrifa,9,1995-11-03T08:29,1995-12-04T12:14,3696
3364,zeljkan,7,1995-11-29T10:47,1995-12-10T22:43,3889
3365,drvocka,1,1995-12-02T20:38,1995-12-02T20:38,5135
3366,demi,1,1996-01-28T16:06,1996-01-28T16:06,5137
3367,sheky,3,1992-02-26T19:11,1996-02-24T07:24,4487
3368,ndule,8,1996-03-17T13:35,1996-04-07T16:24,3777
3369,djale,6,1996-08-14T20:55,1997-01-26T10:12,4020
3370,adi.alex,1,1996-11-24T16:57,1996-11-24T16:57,5138
3371,tehnikum,6,1995-10-04T15:47,1997-01-16T14:25,4019
3372,bobsi,8,1996-06-06T17:15,1997-03-16T07:13,3778
3373,miketango,1,1997-05-20T08:30,1997-05-20T08:30,3578
3374,paleksandar,1,1995-09-17T02:00,1995-09-17T02:00,5139
3375,szdravko,122,1995-08-15T06:53,1997-02-14T07:12,1444
3376,gnjale,1,1995-10-07T06:58,1995-10-07T06:58,1256
3377,jusim,2,1995-10-14T23:59,1995-11-01T12:35,4714
3378,stripkovic,7,1995-10-19T08:24,1995-11-25T12:12,3890
3379,concept,8,1995-05-26T14:27,1996-05-07T13:57,3779
3380,kaleksandar,1,1995-11-04T11:57,1995-11-04T11:57,363
3381,nikon,2,1995-10-31T23:32,1995-11-11T23:24,4715
3382,mmandrino,2,1995-11-09T01:45,1995-11-18T23:27,4716
3383,ddragic,12,1995-11-19T23:22,1995-12-11T16:03,3433
3384,vvukovic,1,1996-08-10T09:12,1996-08-10T09:12,3088
3385,mvlada,2,1996-11-10T08:04,1997-06-08T06:30,4717
3386,snamgalija,2,1993-02-02T13:28,1995-09-29T07:25,2904
3387,madmax,4,1996-09-05T02:29,1996-09-29T18:15,4359
3388,sidpro,3,1997-03-31T05:45,1997-04-09T05:29,4291
3389,vjacim,2,1995-08-24T09:50,1995-10-07T16:32,4718
3390,tnejko,9,1995-08-20T01:29,1996-08-25T05:23,3208
3391,josef.k,9,1995-10-22T23:45,1995-11-19T22:56,3697
3392,zjocic,1,1996-10-01T22:42,1996-10-01T22:42,5141
3393,sandra.smelc,2,1997-10-12T14:38,1997-10-14T21:21,2672
3394,goge,1,1997-04-15T01:00,1997-04-15T01:00,5140
3395,obradovic,2,1997-05-01T15:43,1997-05-06T06:15,2112
3396,srdjanx,2,1997-05-18T14:07,1997-05-23T18:56,4723
3397,svojvodic,8,1995-04-29T07:01,1995-11-23T07:09,3780
3398,vbuca,1,1995-11-28T22:02,1995-11-28T22:02,5142
3399,dforo,17,1996-01-22T23:08,1996-03-13T11:02,3125
3400,spot,1,1996-06-27T10:34,1996-06-27T10:34,5143
3401,bmiljkovic,1,1996-07-05T13:26,1996-07-05T13:26,1819
3402,pakom,1,1996-10-03T05:42,1996-10-03T05:42,2318
3403,drados,1,1996-10-30T02:31,1996-10-30T02:31,961
3404,nexy,13,1994-09-10T11:01,1995-07-30T08:47,3355
3405,chomee,1,1995-11-30T23:58,1995-11-30T23:58,5144
3406,nsavicevic,1,1996-06-25T15:17,1996-06-25T15:17,5012
3407,srdej,3,1995-01-21T16:26,1996-07-03T06:53,4488
3408,milijana,3,1996-09-04T12:11,1996-09-05T11:51,2780
3409,tasa,1,1997-04-12T10:44,1997-04-12T10:44,5147
3410,vesko,9,1995-08-10T09:53,1995-08-19T07:31,3699
3411,misel,1,1995-11-09T16:54,1995-11-09T16:54,3992
3412,sivanovic,1,1996-04-29T06:07,1996-04-29T06:07,4204
3413,dobric,3,1996-09-14T12:11,1996-09-15T11:17,4489
3414,dodo,2,1997-03-10T15:41,1997-03-11T12:04,4721
3415,vgalovica,3,1994-05-08T16:48,1997-08-10T15:40,1852
3416,carobnjak,2,1997-10-02T18:51,1997-10-05T17:47,1190
3417,vladoem,2,1995-10-18T10:28,1995-10-18T10:34,4724
3418,gogon,1,1996-10-12T01:39,1996-10-12T01:39,4566
3419,bmladenovic,1,1997-02-09T22:46,1997-02-09T22:46,5151
3420,demijan,1,1996-08-16T22:49,1996-08-16T22:49,2037
3421,vilnepe,1,1997-03-01T08:14,1997-03-01T08:14,5152
3422,d.d.m,1,1995-08-22T09:51,1995-08-22T09:51,5153
3423,svasa,1,1995-09-03T16:57,1995-09-03T16:57,5156
3424,mvej,1,1995-10-19T22:54,1995-10-19T22:54,5155
3425,jomar,2,1996-03-09T21:16,1996-03-09T21:23,4725
3426,cakra.pet,2,1996-09-09T18:50,1996-09-14T17:16,4726
3427,vneno,1,1996-09-20T18:06,1996-09-20T18:06,1794
3428,nikhajder,1,1996-11-03T13:54,1996-11-03T13:54,5157
3429,sneza,2,1998-01-22T23:34,1998-01-22T23:41,4728
3430,igorm,1,1998-01-05T21:41,1998-01-05T21:41,4040
3431,nikooo,3,1999-01-17T11:38,1999-01-19T22:34,3144
3432,bokis,1,1998-03-14T13:52,1998-03-14T13:52,4126
3433,prisic,5,1997-11-15T22:05,1997-11-16T20:14,4174
3434,duxi,3,1997-08-18T23:24,1997-11-13T23:18,4492
3435,f.i.r,3,1992-02-01T12:04,1992-02-25T00:35,3737
3436,ucar,1,1992-06-09T07:33,1992-06-09T07:33,5159
3437,bnikica,4,1991-11-18T02:52,1992-03-17T21:29,2481
3438,pedjam,30,1992-03-12T07:25,1993-12-23T11:08,2523
3439,vpetrov,3,1993-01-20T08:20,1993-03-08T22:35,4493
3440,terekv,5,1991-11-26T07:07,1992-05-04T05:27,1725
3441,opeka,5,1992-03-25T16:33,1992-04-26T16:10,4175
3442,mmihajlovic,47,1991-06-26T15:11,1993-04-02T05:45,2225
3443,david,1,1992-04-19T20:27,1992-04-19T20:27,5168
3444,tnesa,2,1992-07-17T10:15,1992-07-20T08:17,2009
3445,dacha,11,1993-02-15T10:01,1993-02-27T14:47,3513
3446,bgalic,1,1992-03-05T10:05,1992-03-05T10:05,5087
3447,dzla,2,1992-03-20T15:29,1992-04-03T18:23,4727
3448,mkrzic,5,1992-05-14T21:54,1993-07-02T06:28,4176
3449,rogi,13,1992-07-17T15:19,1992-09-01T15:13,3358
3450,miles,2,1992-08-29T18:59,1992-08-30T11:10,3232
3451,kokolo,4,1994-02-09T08:22,1994-05-23T09:43,4360
3452,rakicm,10,1993-05-06T09:35,1994-05-27T09:24,3345
3453,zorand,5,1993-12-10T14:04,1995-04-11T13:03,4177
3454,.ristan.,4,1993-09-14T02:55,1994-03-04T05:06,4361
3455,duplex,7,1994-05-04T06:12,1994-05-11T07:26,3891
3456,brano,1,1994-05-12T08:21,1994-05-12T08:21,5171
3457,tvucko,14,1993-08-08T16:13,1996-08-30T10:13,3278
3458,jmomir,2,1994-08-30T18:27,1994-09-05T21:59,4732
3459,mpeti,12,1993-04-01T13:20,1995-03-20T11:27,3434
3460,makica,9,1994-09-30T05:05,1995-03-30T10:18,3698
3461,kica,2,1994-10-10T06:08,1994-10-28T09:16,4736
3462,budima,1,1994-11-06T11:28,1994-11-06T11:28,82
3463,pedjav,5,1994-08-30T22:21,1994-10-26T21:32,4179
3464,marlon,2,1995-02-21T01:43,1995-02-21T09:11,4733
3465,rspas,2,1994-09-19T06:59,1996-02-16T21:13,4742
3466,vesna.k,1,1994-11-07T19:04,1994-11-07T19:04,
3467,dsuput,3,1995-04-17T18:00,1996-02-13T14:11,4494
3468,spiramatic,8,1993-09-14T20:08,1995-05-24T04:19,3781
3469,ddavid,1,1995-08-14T01:33,1995-08-14T01:33,5167
3470,dstanko,1,1995-08-16T12:21,1995-08-16T12:21,5172
3471,nnkdm,7,1995-09-07T13:36,1995-09-28T14:05,3892
3472,sasaj,1,1995-04-21T14:46,1995-04-21T14:46,1121
3473,skovacevic,20,1995-04-29T16:10,1995-05-24T15:12,2968
3474,lemi,2,1995-10-25T17:06,1995-11-13T18:35,3479
3475,dgligorijevic,2,1995-10-08T12:30,1996-03-04T23:45,226
3476,lepica,3,1995-10-16T13:34,1995-10-16T13:39,3538
3477,anoat,1,1995-09-02T17:16,1995-09-02T17:16,5174
3478,marior,1,1995-10-06T11:52,1995-10-06T11:52,4794
3479,dukii,3,1995-06-27T07:52,1995-12-08T12:28,519
3480,genegoja,1,1995-06-29T11:00,1995-06-29T11:00,5173
3481,mzecevic,1,1995-11-09T07:09,1995-11-09T07:09,5175
3482,pkesic,3,1996-08-17T12:55,1996-08-18T11:35,4495
3483,ljrd,2,1997-03-21T23:12,1997-03-22T12:28,4746
3484,dkolar,5,1991-08-22T11:11,1995-12-11T00:50,4180
3485,zugicv,8,1996-01-27T00:26,1996-09-15T08:26,3782
3486,spavleski,5,1996-04-03T05:26,1996-04-19T16:22,4181
3487,igorp,1,1996-10-19T12:41,1996-10-19T12:41,3109
3488,prado,4,1995-08-18T23:45,1995-12-03T21:13,4362
3489,toro,12,1995-07-08T22:48,1996-07-04T19:07,3438
3490,acertic,2,1996-07-12T09:16,1996-07-12T09:18,4747
3491,zdrcentar.pi,2,1996-08-07T07:11,1996-08-07T08:50,3399
3492,mipedja,10,1997-09-09T12:23,1997-09-18T11:21,1695
3493,borislavb,3,1996-07-18T07:34,1996-08-01T10:42,1804
3494,uskekg,1,1996-10-02T17:18,1996-10-02T17:18,5176
3495,hemo,1,1995-11-10T13:34,1995-11-10T13:34,2818
3496,marina,1,1997-04-04T18:59,1997-04-04T18:59,3903
3497,jitka,4,1997-06-18T06:23,1997-06-20T05:30,4364
3498,cmsdd,2,1996-02-27T17:40,1996-02-27T17:41,4748
3499,gtrinki,4,1996-07-11T03:09,1996-08-07T05:32,4365
3500,kaled,1,1996-10-19T13:07,1996-10-19T13:07,359
3501,vule.opaki,5,1997-06-27T14:23,1997-07-20T16:18,180
3502,jovisa.zj,5,1996-12-14T19:22,1996-12-30T05:04,4182
3503,pc.press,52,1995-04-12T22:57,1995-12-05T13:26,2126
3504,bexport,1,1995-09-08T07:13,1995-09-08T07:13,5177
3505,zmarkovic,1,1995-11-30T08:38,1995-11-30T08:38,2063
3506,kum.zoki,10,1994-12-11T17:34,1995-06-05T15:41,3603
3507,kokan.p,2,1995-05-01T23:09,1995-05-26T16:21,4749
3508,vjeremic,18,1994-05-19T09:03,1995-07-03T22:16,1952
3509,mivel,27,1992-09-17T00:44,1994-02-07T12:31,2635
3510,jknezovic,2,1992-01-20T06:26,1992-02-12T10:11,4750
3511,adezelin,8,1992-03-29T14:51,1992-04-20T15:43,3783
3512,ciki,74,1992-08-04T02:06,1993-01-21T02:44,1838
3513,pmilan,2,1992-10-25T18:12,1993-01-13T17:15,4751
3514,zdiv,10,1991-11-07T12:00,1996-02-17T19:56,2843
3515,micko,14,1992-07-22T06:25,1993-11-11T13:06,3282
3516,beki,26,1991-10-15T12:21,1992-01-04T18:54,2700
3517,boris.,1,1992-10-16T19:18,1992-10-16T19:18,5179
3518,raul,4,1992-11-01T02:28,1992-11-28T19:45,4366
3519,zalex,1,1992-11-03T14:23,1992-11-03T14:23,5178
3520,rolandz,2,1992-09-24T16:13,1992-11-05T17:33,4018
3521,prerad,5,1992-02-26T14:00,1992-04-24T21:03,4183
3522,nopsenica,3,1992-05-19T19:31,1992-06-17T20:56,4496
3523,dvasiljevic,2,1992-09-02T12:04,1992-09-04T12:11,1372
3524,lepi,1,1992-02-23T09:48,1992-02-23T09:48,5180
3525,jbili,2,1992-03-05T16:48,1992-03-20T14:42,4752
3526,esabo,9,1991-09-27T20:37,1992-08-19T15:09,3701
3527,mdumitr,3,1991-08-29T16:06,1991-10-03T11:50,4497
3528,pdukic,1,1992-01-31T11:57,1992-01-31T11:57,517
3529,harry,1,1992-10-19T07:04,1992-10-19T07:04,4644
3530,dzoran,1,1992-04-02T16:02,1992-04-02T16:02,5181
3531,ibrceski,2,1992-10-07T16:21,1993-02-03T07:24,4753
3532,zstan,1,1992-11-05T21:22,1992-11-05T21:22,5182
3533,mbacic,5,1993-03-13T06:00,1993-08-25T20:38,4184
3534,vpekovic,6,1993-04-27T05:00,1993-05-11T05:22,4021
3535,martin,4,1993-06-09T09:39,1993-06-16T23:39,1740
3536,goran,1,1993-07-14T17:37,1993-07-14T17:37,7109
3537,fstevo,3,1993-05-18T21:14,1993-10-31T15:34,4498
3538,miroljub,11,1993-01-25T16:25,1994-03-17T21:32,3517
3539,muaddib,3,1993-03-30T11:16,1993-06-15T08:54,4499
3540,enter,2,1993-03-25T17:34,1993-04-25T14:50,4755
3541,smarco,3,1993-04-20T10:58,1993-05-01T14:25,460
3542,plus,2,1993-05-18T08:25,1993-10-15T13:47,4756
3543,vdarko,4,1993-03-22T17:48,1993-05-24T12:53,4367
3544,bfrancuski,1,1993-04-26T06:46,1993-04-26T06:46,5183
3545,trle,1,1993-05-14T18:23,1993-05-14T18:23,2177
3546,konzul,1,1993-06-28T10:26,1993-06-28T10:26,5184
3547,mikia,1,1993-12-25T20:37,1993-12-25T20:37,2956
3548,vpj.,1,1994-02-22T07:06,1994-02-22T07:06,5185
3549,simcode,21,1993-09-25T15:33,1993-10-06T14:29,2895
3550,baranja,7,1993-08-13T21:18,1993-12-09T16:42,3894
3551,zbubnjevic,6,1994-01-19T21:15,1994-03-04T20:58,4022
3552,misham,7,1993-08-12T21:34,1995-05-10T04:37,3895
3553,saks,10,1993-08-17T16:00,1995-10-06T08:10,3604
3554,dsolid,1,1993-08-25T09:59,1993-08-25T09:59,5186
3555,sbob,1,1993-12-09T03:20,1993-12-09T03:20,5187
3556,djani,1,1994-01-09T12:22,1994-01-09T12:22,5188
3557,goranc,1,1994-03-02T11:13,1994-03-02T11:13,5189
3558,rvpuzovic,2,1992-09-02T12:53,1993-11-15T16:09,4757
3559,cipp,1,1994-01-27T08:15,1994-01-27T08:15,5190
3560,leka,1,1993-09-18T10:23,1993-09-18T10:23,5193
3561,rozid,3,1994-09-06T00:10,1994-11-22T01:39,3098
3562,voxxx,4,1994-12-18T11:36,1994-12-30T05:39,4369
3563,parmak,2,1994-04-30T09:20,1994-07-26T10:55,4759
3564,dbarbul,5,1994-07-17T18:39,1996-10-04T15:13,4185
3565,tetragon,2,1994-09-12T11:51,1995-02-28T11:18,4758
3566,tolja,1,1994-12-07T19:38,1994-12-07T19:38,2653
3567,velar,3,1994-07-06T11:54,1994-10-18T15:44,4500
3568,gosse,9,1994-04-26T05:31,1995-10-24T11:42,3702
3569,nnedic,1,1994-06-14T14:33,1994-06-14T14:33,3302
3570,zdikovic,2,1993-01-28T20:55,1994-07-02T11:15,2597
3571,mceh,2,1994-10-07T08:14,1994-10-12T08:18,4760
3572,dstole,1,1994-10-14T17:29,1994-10-14T17:29,5196
3573,pajomi,2,1994-08-03T19:18,1994-08-04T10:12,4761
3574,tbecej,1,1994-07-02T18:00,1994-07-02T18:00,5197
3575,msmiljanic,2,1994-07-22T01:04,1995-02-26T02:56,584
3576,djuricicm,1,1994-10-31T09:54,1994-10-31T09:54,4254
3577,glorija,2,1994-11-10T09:50,1994-11-11T14:51,3338
3578,abogdan,1,1994-12-13T23:31,1994-12-13T23:31,5198
3579,sbrcin,3,1995-04-13T17:14,1995-04-16T18:59,4501
3580,vbod,2,1995-06-09T17:51,1995-06-13T17:33,4762
3581,mkurtes,9,1995-02-06T06:55,1995-06-27T09:35,3035
3582,asekulic,1,1995-04-05T10:11,1995-04-05T10:11,5199
3583,markoc,3,1995-09-04T22:46,1995-09-18T23:35,4502
3584,vlatko,1,1995-03-01T06:45,1995-03-01T06:45,5204
3585,kkrsteski,2,1995-08-28T11:48,1995-08-28T13:01,4763
3586,dranko,1,1995-02-08T23:03,1995-02-08T23:03,5200
3587,jkurtic,1,1995-03-20T11:12,1995-03-20T11:12,5201
3588,dejaan,5,1995-04-03T19:23,1995-04-23T19:22,4186
3589,zstef,1,1995-05-19T07:37,1995-05-19T07:37,5205
3590,dbosanac,3,1995-08-26T18:23,1995-09-22T16:25,3030
3591,the.seki,1,1995-07-17T21:31,1995-07-17T21:31,891
3592,simipr,1,1995-07-21T21:32,1995-07-21T21:32,5206
3593,vampir,1,1995-01-07T18:13,1995-01-07T18:13,5207
3594,heruvim,4,1995-01-12T06:04,1995-03-03T05:54,1720
3595,mstan,1,1995-03-23T09:12,1995-03-23T09:12,5208
3596,anastazia,3,1995-01-20T21:47,1995-02-04T23:00,4504
3597,skojic,1,1995-04-07T07:14,1995-04-07T07:14,5209
3598,jzivan,2,1995-04-25T12:53,1995-04-26T05:03,3268
3599,kika,7,1995-09-07T23:44,1997-03-20T08:00,3896
3600,vinkom,11,1996-04-28T12:32,1998-01-13T13:57,3522
3601,cozymc,3,1996-06-19T17:56,1996-11-18T18:29,4503
3602,nekromant,1,1996-09-20T17:17,1996-09-20T17:17,126
3603,magn,2,1997-03-31T21:07,1997-04-06T22:24,4764
3604,gbozic,1,1995-10-24T19:37,1995-10-24T19:37,5210
3605,dmaxim,1,1996-03-26T21:02,1996-03-26T21:02,5211
3606,bljubisa,1,1997-04-15T21:29,1997-04-15T21:29,5212
3607,fbraun,5,1995-11-03T18:48,1996-10-15T05:05,4187
3608,slav,3,1995-11-25T10:20,1995-11-28T06:03,4590
3609,kbata,1,1995-11-26T18:20,1995-11-26T18:20,4458
3610,blovre,1,1996-02-10T23:01,1996-02-10T23:01,5213
3611,zjov,2,1996-02-18T19:33,1996-02-18T23:07,4767
3612,jmiodrag,4,1996-04-01T21:53,1997-02-13T14:27,4368
3613,novell,16,1996-03-16T02:09,1996-12-11T19:34,3168
3614,d.popovic,2,1995-10-29T17:03,1996-09-14T09:22,3006
3615,zmile,1,1996-10-14T16:20,1996-10-14T16:20,3045
3616,dragano,3,1997-02-22T17:04,1997-03-17T21:35,4506
3617,mpavle,1,1997-11-11T22:00,1997-11-11T22:00,4311
3618,zuzelac,1,1996-01-30T16:58,1996-01-30T16:58,5214
3619,bugica,4,1993-05-24T11:01,1996-04-14T20:07,702
3620,digi,8,1996-04-15T13:12,1996-05-08T15:40,3784
3621,nenadovic,6,1996-07-10T06:17,1996-09-30T11:10,4023
3622,mrkela,1,1996-10-30T09:25,1996-10-30T09:25,5001
3623,drbuca,1,1998-02-16T19:45,1998-02-16T19:45,3469
3624,djordjem,1,1995-11-12T11:59,1995-11-12T11:59,1002
3625,edison,16,1997-04-28T07:19,1998-07-01T08:37,3169
3626,spiderman,11,1997-02-05T10:16,1997-09-05T23:03,3145
3627,sidjii,2,1997-05-10T02:46,1997-05-10T03:16,4770
3628,dekij,1,1998-02-28T05:24,1998-02-28T05:24,5218
3629,nare,2,1996-01-23T10:50,1996-04-09T08:05,2210
3630,mrasic,1,1997-07-27T16:35,1997-07-27T16:35,5217
3631,nenadv,14,1997-09-02T06:22,1998-01-05T08:53,1744
3632,mjelic,1,1996-02-02T11:10,1996-02-02T11:10,5219
3633,mercedes,1,1996-12-20T19:07,1996-12-20T19:07,5220
3634,todoras,1,1995-10-15T09:48,1995-10-15T09:48,2326
3635,vdrobnjak,1,1996-08-17T06:20,1996-08-17T06:20,4844
3636,vradjen,2,1995-12-09T23:59,1996-02-06T21:36,4771
3637,badza,6,1996-07-20T10:38,1996-07-25T11:23,4024
3638,dgergelj,2,1990-04-18T15:00,1990-04-18T20:06,4772
3639,caka,5,1990-04-06T17:15,1990-06-17T21:20,
3640,dbasaric,4,1990-05-23T07:53,1990-06-18T13:37,4371
3641,mmilosevic,8,1991-02-06T20:31,1991-08-21T19:55,3636
3642,georgd,2,1991-08-28T00:02,1993-08-05T01:10,4773
3643,zblagdan,5,1989-11-09T16:40,1989-11-23T19:31,
3644,pcemerikic,8,1989-12-11T01:01,1990-09-30T20:02,3787
3645,bjoksimovic,2,1990-03-01T18:34,1990-03-01T18:38,4774
3646,chahton,1,1990-08-13T23:00,1990-08-13T23:00,
3647,yums,1,1991-03-29T09:23,1991-03-29T09:23,5221
3648,duleizkule,3,1991-04-04T09:03,1991-06-24T11:53,4507
3649,mmac,6,1991-06-23T11:55,1991-08-01T21:11,4026
3650,dbutorac,3,1990-04-11T14:41,1990-07-07T15:34,431
3651,durry,4,1990-03-27T08:12,1990-10-12T00:45,
3652,ale.j,1,1991-04-22T20:01,1991-04-22T20:01,4469
3653,saleksandar,1,1991-05-16T02:19,1991-05-16T02:19,1032
3654,tomazg,1,1991-08-27T11:35,1991-08-27T11:35,923
3655,zarkov,2,1990-01-23T17:02,1990-01-29T15:18,4775
3656,robi,2,1990-07-21T18:52,1990-07-24T11:28,4778
3657,sbstakic,1,1990-10-05T06:58,1990-10-05T06:58,
3658,esoftic,1,1990-06-13T11:40,1990-06-13T11:40,5222
3659,skirn,1,1991-08-03T20:57,1991-08-03T20:57,5223
3660,pmitrovic,2,1990-06-30T05:49,1990-07-01T06:38,4780
3661,samson,1,1990-04-04T18:09,1990-04-04T18:09,5224
3662,dcvagic,2,1990-07-18T05:09,1990-07-20T04:44,4781
3663,beomed,2,1991-04-15T10:48,1991-04-19T10:02,376
3664,ddragan,1,1990-06-14T23:52,1990-06-14T23:52,5170
3665,rnaglic,6,1991-06-04T20:11,1991-06-11T15:59,4025
3666,rzoran,2,1990-04-13T03:05,1990-04-13T15:29,4783
3667,banep,1,1991-09-01T12:23,1991-09-01T12:23,5225
3668,bdobranovic,2,1989-12-07T19:41,1989-12-07T19:42,4784
3669,mkoce,1,1990-05-20T21:06,1990-05-20T21:06,1163
3670,vlazo,1,1990-04-23T15:53,1990-04-23T15:53,1267
3671,duka,1,1991-05-11T13:43,1991-05-11T13:43,5229
3672,rada,1,1991-08-21T10:41,1991-08-21T10:41,2272
3673,zlaja,1,1991-08-22T13:20,1991-08-22T13:20,1232
3674,zcvijetic,3,1990-01-04T13:40,1990-01-07T12:05,4508
3675,valeksic,1,1990-04-03T13:11,1990-04-03T13:11,5232
3676,sandi,1,1991-09-14T12:00,1991-09-14T12:00,5235
3677,lagin,2,1991-03-24T22:06,1991-03-26T21:15,4785
3678,dcvetkovic,3,1990-05-26T23:12,1990-05-31T14:59,4509
3679,dfusek,1,1990-12-09T20:34,1990-12-09T20:34,1730
3680,bond,4,1992-07-02T00:07,1992-07-28T09:10,4372
3681,bnt.mk,3,1992-01-28T11:27,1992-02-05T09:10,4510
3682,cris,1,1992-03-03T12:36,1992-03-03T12:36,3532
3683,smalobabic,1,1992-09-29T09:03,1992-09-29T09:03,5237
3684,mouse,1,1992-05-05T06:06,1992-05-05T06:06,5238
3685,zoks,1,1992-06-10T23:53,1992-06-10T23:53,3484
3686,pmilovanovic,3,1992-09-02T19:55,1992-10-17T10:46,4511
3687,dhadzi,2,1992-09-05T21:55,1992-09-14T18:01,1615
3688,vjankovic,1,1992-04-29T05:21,1992-04-29T05:21,5240
3689,dlalic,1,1992-04-26T08:50,1992-04-26T08:50,5241
3690,jhuncik,1,1992-05-31T17:35,1992-05-31T17:35,5242
3691,mnovicic,1,1992-05-23T17:43,1992-05-23T17:43,4661
3692,mnesovic,2,1992-07-02T04:20,1992-08-13T10:24,1426
3693,manta,4,1992-11-16T20:15,1993-02-19T09:30,4373
3694,bboz,2,1992-11-30T21:00,1992-11-30T21:00,1811
3695,m.gargenta,1,1992-12-01T19:52,1992-12-01T19:52,5243
3696,sinik,1,1994-02-07T18:51,1994-02-07T18:51,5245
3697,zdravmlad,4,1993-02-11T22:40,1993-02-15T20:01,2844
3698,rkrndija,1,1993-10-05T21:19,1993-10-05T21:19,5244
3699,skyholding,1,1993-03-24T18:18,1993-03-24T18:18,5246
3700,jednonoga,1,1993-05-25T15:47,1993-05-25T15:47,
3701,haki,1,1993-09-29T19:16,1993-09-29T19:16,5247
3702,nenad.a,3,1993-03-31T15:00,1993-04-02T19:58,4512
3703,mbogdanovic,2,1992-05-02T10:07,1993-01-31T10:43,4786
3704,nebo,1,1993-04-20T20:16,1993-04-20T20:16,
3705,bilipiton,1,1996-08-12T19:44,1996-08-12T19:44,5248
3706,mzoran,1,1995-11-30T00:33,1995-11-30T00:33,5249
3707,slobs,2,1996-06-18T14:09,1996-11-19T10:20,4787
3708,alspasic,2,1995-10-20T12:54,1995-10-27T06:27,4788
3709,vsassa,1,1996-08-26T15:02,1996-08-26T15:02,5253
3710,turbo,1,1996-07-24T13:05,1996-07-24T13:05,5254
3711,ivmom,5,1996-09-15T01:41,1996-10-09T00:56,4188
3712,alimpije,1,1998-01-28T00:17,1998-01-28T00:17,5255
3713,danny,2,1996-02-17T16:54,1996-02-25T18:50,4789
3714,stobanko,1,1997-07-10T20:25,1997-07-10T20:25,5256
3715,vojislava,1,1998-01-03T00:42,1998-01-03T00:42,5257
3716,slazar,1,1993-07-03T16:48,1993-07-03T16:48,5259
3717,d.mil,1,1992-12-01T19:11,1992-12-01T19:11,257
3718,vzoran,1,1993-03-31T12:39,1993-03-31T12:39,5258
3719,markc,1,1992-12-05T19:27,1992-12-05T19:27,5262
3720,jasnicad,2,1997-01-28T17:13,1997-01-29T14:25,4790
3721,kdunav,2,1996-02-09T12:44,1996-02-12T13:35,4791
3722,golden.eye,1,1996-08-25T18:22,1996-08-25T18:22,5261
3723,azrael,1,1998-10-21T17:11,1998-10-21T17:11,5263
3724,gossa,3,1995-12-07T16:05,1996-01-27T23:12,3339
3725,nbokic,1,1997-07-04T12:02,1997-07-04T12:02,4612
3726,prcko,1,1996-12-17T12:29,1996-12-17T12:29,5264
3727,ranka,30,1993-11-15T13:44,1994-07-09T14:43,2529
3728,ncabric,1,1990-04-15T15:19,1990-04-15T15:19,5265
3729,ntrajkovic,1,1992-09-27T12:08,1992-09-27T12:08,2808
3730,nika,1,1993-11-15T10:22,1993-11-15T10:22,5269
3731,drhajn,1,1990-10-13T21:33,1990-10-13T21:33,5266
3732,bstante,2,1992-09-27T20:51,1993-05-03T18:17,4792
3733,markor,1,1991-03-07T23:44,1991-03-07T23:44,3571
3734,smilos,2,1992-10-13T20:18,1992-10-24T16:00,4793
3735,peze,1,1993-03-25T13:08,1993-03-25T13:08,2847
3736,ttca,3,1995-04-19T05:10,1995-04-21T12:20,4513
3737,zephir,1,1996-02-26T15:59,1996-02-26T15:59,5271
3738,mario,2,1995-09-22T17:50,1995-09-22T17:57,4796
3739,zkopric,1,1996-02-15T10:35,1996-02-15T10:35,3646
3740,szarev,1,1996-09-18T18:32,1996-09-18T18:32,5272
3741,sajam.14,1,1991-05-16T19:38,1991-05-16T19:38,
3742,sajam.29,1,1991-05-18T09:56,1991-05-18T09:56,
3743,sajam.34,1,1991-05-18T11:39,1991-05-18T11:39,
3744,sajam.37,1,1991-05-18T15:23,1991-05-18T15:23,
3745,sajam,1,1993-05-13T11:05,1993-05-13T11:05,3391
3746,mercenary,1,1999-01-17T10:58,1999-01-17T10:58,3142
3747,mraw,3,1999-05-11T00:17,1999-05-11T20:01,689
3748,vdeki,1,1999-06-27T01:42,1999-06-27T01:42,3437
3749,tast,2,1996-10-10T12:09,1997-11-11T17:44,4798
3750,sysadm,1,1999-01-05T23:50,1999-01-05T23:50,5273
3751,yelena,1,1997-01-23T22:01,1997-01-23T22:01,1285
3752,diablo,2,1996-09-12T15:17,1997-08-29T23:58,4799
3753,qpskcb,2,1997-07-21T13:28,1997-08-17T12:51,1862
3754,cikacrni,1,1998-02-01T05:07,1998-02-01T05:07,1635
3755,tljupce,1,1998-02-17T09:36,1998-02-17T09:36,4932
3756,alexad,2,1998-03-12T21:04,1998-04-09T13:45,570
3757,lozinka,1,1998-03-30T12:09,1998-03-30T12:09,64
3758,joxa,6,1998-09-20T18:34,1998-11-21T13:48,137
3759,lesa,10,1997-01-08T10:03,1997-04-10T15:48,3607
3760,markoj,1,1999-03-18T19:34,1999-03-18T19:34,5274
3761,yanbo,1,1997-02-06T18:18,1997-02-06T18:18,5275
3762,bojanb,1,1997-02-15T15:17,1997-02-15T15:17,5276
3763,pmaja,1,1997-04-05T13:31,1997-04-05T13:31,3104
3764,crmil,4,1997-04-08T18:07,1997-04-18T15:55,4374
3765,ljubani,1,1997-04-15T19:18,1997-04-15T19:18,5277
3766,kuzman,1,1999-03-04T23:59,1999-03-04T23:59,1466
3767,cyberpunk,1,1997-01-16T17:42,1997-01-16T17:42,3649
3768,slobsto,2,1997-02-04T04:55,1997-03-07T05:18,1714
3769,duleikiza,2,1997-02-09T11:20,1997-02-11T21:28,4800
3770,bang,1,1997-02-22T19:18,1997-02-22T19:18,5112
3771,suputd,1,1997-11-11T15:01,1997-11-11T15:01,5278
3772,demaks,1,1996-10-14T13:48,1996-10-14T13:48,5279
3773,milosm,1,1996-04-14T04:59,1996-04-14T04:59,3477
3774,degruj,2,1996-03-15T14:02,1996-04-26T12:17,4801
3775,djoe,1,1996-05-04T14:20,1996-05-04T14:20,5027
3776,marconny,1,1996-06-24T21:47,1996-06-24T21:47,457
3777,sumaher,1,1996-08-04T08:31,1996-08-04T08:31,2048
3778,ahercog,1,1996-08-07T00:06,1996-08-07T00:06,44
3779,diana,3,1996-08-23T13:08,1996-10-07T07:02,4514
3780,napalm,3,1996-09-16T05:32,1996-09-19T05:39,4516
3781,j.mikica,1,1996-09-23T23:27,1996-09-23T23:27,2953
3782,apbuca,4,1996-09-18T08:00,1996-10-07T22:42,4375
3783,ljubek,2,1996-01-29T15:47,1996-02-02T21:18,4802
3784,dbuinac,1,1996-12-15T22:49,1996-12-15T22:49,5280
3785,mita,1,1996-02-09T08:05,1996-02-09T08:05,5281
3786,pegasus,1,1996-03-12T10:28,1996-03-12T10:28,627
3787,bhmaki,1,1996-11-27T20:15,1996-11-27T20:15,4050
3788,gademis,1,1996-02-17T01:05,1996-02-17T01:05,4571
3789,m.eric,1,1996-07-11T10:48,1996-07-11T10:48,5284
3790,rmackovic,6,1996-03-26T17:30,1996-08-26T09:35,3286
3791,ivana.,1,1996-03-27T11:18,1996-03-27T11:18,1660
3792,mmedic,1,1996-10-20T13:47,1996-10-20T13:47,5285
3793,texy,3,1996-12-06T00:46,1996-12-11T22:03,4517
3794,manda,24,1996-08-11T22:00,1997-08-16T14:28,2772
3795,fresh,1,1996-10-31T14:52,1996-10-31T14:52,5286
3796,milan.s,2,1996-05-27T21:48,1996-06-09T21:25,3823
3797,nba.news,15939,1996-11-16T10:20,1999-04-24T11:45,1
3798,vladd,1,1996-08-31T20:54,1996-08-31T20:54,5287
3799,rjevtovic,2,1996-08-26T16:15,1997-03-27T10:21,1455
3800,denimar,17,1997-02-22T21:00,1997-05-05T12:25,1193
3801,dinic,2,1996-12-21T09:13,1996-12-25T14:19,4803
3802,dekik.,1,1997-03-08T18:30,1997-03-08T18:30,749
3803,zerohot,34,1997-04-04T20:48,1997-04-23T13:08,2336
3804,uncle,1,1997-04-23T14:14,1997-04-23T14:14,5288
3805,taman,9,1997-08-16T02:06,1998-01-09T19:45,3703
3806,satana,2,1998-04-05T12:52,1998-04-05T12:52,4805
3807,staper,1,1998-01-23T00:46,1998-01-23T00:46,5289
3808,gosovicr,1,1997-08-19T22:09,1997-08-19T22:09,5290
3809,usisbel,1043,1994-09-28T13:52,1995-12-11T09:14,297
3810,dcihlar,2,1991-05-15T14:51,1991-06-01T13:41,4806
3811,joe.buca,3,1991-09-01T21:41,1991-09-09T13:05,4518
3812,radrad,1,1992-03-06T10:09,1992-03-06T10:09,5291
3813,****,75,1989-11-14T23:00,1991-04-04T22:00,
3814,dstankov,6,1989-12-16T04:57,1989-12-26T04:10,4029
3815,nkitic,1,1990-05-01T18:29,1990-05-01T18:29,4652
3816,aned,18,1991-02-27T22:06,1991-08-02T17:22,3056
3817,frenk,1,1991-03-04T15:34,1991-03-04T15:34,5293
3818,rgombash,6,1991-03-08T09:28,1991-05-11T23:39,294
3819,demel,1,1991-04-22T18:13,1991-04-22T18:13,5292
3820,hunter,1,1992-03-17T12:52,1992-03-17T12:52,5054
3821,svukovojac,2,1991-10-13T11:42,1991-11-23T05:25,4807
3822,nmalenovic,8,1989-11-04T21:21,1989-11-08T14:19,
3823,vera,2,1991-04-26T19:34,1991-05-19T22:08,4814
3824,mestar,1,1991-07-27T22:00,1991-07-27T22:00,5294
3825,drgunny,2,1990-09-19T07:25,1990-09-26T14:33,
3826,megyeri,1,1992-02-29T03:04,1992-02-29T03:04,5295
3827,rocky,9,1992-12-02T09:53,1992-12-23T12:05,3706
3828,mr.koja,16,1992-09-28T21:40,1993-05-16T01:13,3170
3829,srdjan,1,1992-08-04T19:55,1992-08-04T19:55,5302
3830,brankos,1,1992-11-12T09:19,1992-11-12T09:19,5304
3831,tbujanovic,1,1992-10-19T12:13,1992-10-19T12:13,1046
3832,zstojkov,1,1993-06-27T12:52,1993-06-27T12:52,2091
3833,pipe,6,1993-08-22T07:45,1993-10-15T12:25,4031
3834,pecarski,1,1993-06-24T09:22,1993-06-24T09:22,937
3835,serdj,1,1992-05-03T23:49,1992-05-03T23:49,5305
3836,sdinic,2,1993-02-11T19:31,1993-02-11T19:40,4804
3837,jerdna,2,1993-03-25T11:47,1993-03-26T11:46,4816
3838,djura,1,1993-04-13T15:21,1993-04-13T15:21,5309
3839,cole,1,1993-06-21T22:00,1993-06-21T22:00,5306
3840,disa,1,1992-04-25T19:31,1992-04-25T19:31,5314
3841,cici,1,1993-02-14T12:34,1993-02-14T12:34,5316
3842,vjocic,1,1993-02-02T14:49,1993-02-02T14:49,209
3843,slepac,1,1993-02-03T01:21,1993-02-03T01:21,5317
3844,.bojan,2,1994-03-11T20:44,1994-04-01T21:19,4815
3845,lucifer,4,1994-04-24T11:49,1994-04-24T12:00,4376
3846,jolly,1,1994-10-28T22:12,1994-10-28T22:12,5318
3847,cpetar,1,1995-02-20T20:36,1995-02-20T20:36,5319
3848,okrum,1,1994-01-02T15:47,1994-01-02T15:47,5320
3849,slajan,3,1994-01-27T18:54,1994-05-05T17:13,4519
3850,cula,3,1994-04-23T05:18,1994-09-01T03:15,4520
3851,duda.,5,1994-05-12T07:10,1994-05-12T07:13,4189
3852,zvojinovic,5,1994-12-01T08:06,1995-05-25T13:05,4191
3853,mmalesevic,2,1994-12-30T19:21,1994-12-30T19:47,2286
3854,ptanaskovic,4,1995-04-10T07:06,1995-05-08T12:29,4377
3855,kluz,1,1994-06-01T13:25,1994-06-01T13:25,5321
3856,dekip,2,1994-10-22T23:40,1994-10-22T23:50,4817
3857,perikle,2,1994-05-15T20:56,1994-05-16T21:09,4819
3858,apedja,1,1993-11-24T15:08,1993-11-24T15:08,5322
3859,duka.dr,3,1994-06-11T21:20,1994-06-11T21:20,3984
3860,a.nikica,4,1994-06-30T09:06,1994-06-30T18:20,4378
3861,bojanh,2,1995-02-07T13:43,1995-02-07T13:44,4820
3862,pyroman,1,1993-10-15T23:55,1993-10-15T23:55,
3863,mveselin,1,1994-10-27T14:42,1994-10-27T14:42,5323
3864,msmigic,1,1994-11-16T09:25,1994-11-16T09:25,5324
3865,rmomir,1,1994-03-31T19:41,1994-03-31T19:41,5325
3866,tlaki,1,1994-04-26T16:36,1994-04-26T16:36,3934
3867,roboj,1,1994-05-01T19:51,1994-05-01T19:51,5327
3868,gosa,1,1994-10-31T02:52,1994-10-31T02:52,3346
3869,huanito,5,1995-06-09T13:50,1995-10-24T13:24,4190
3870,kinez,6,1996-03-03T13:25,1996-04-25T19:07,4032
3871,mminic,6,1997-08-05T13:59,1997-08-27T11:50,4033
3872,mikola,1,1997-12-19T15:54,1997-12-19T15:54,643
3873,gavric,1,1995-08-23T23:57,1995-08-23T23:57,5328
3874,drudo,1,1998-02-27T19:14,1998-02-27T19:14,5331
3875,btomic,4,1995-06-20T15:49,1995-11-19T08:07,2916
3876,mborislav,3,1995-11-04T20:37,1995-11-04T20:43,1806
3877,ekosmet,1,1996-03-16T14:03,1996-03-16T14:03,5332
3878,cale,1,1996-09-10T15:02,1996-09-10T15:02,1150
3879,milos.,2,1998-10-03T22:54,1998-10-05T20:16,4821
3880,kresoje,2,1997-02-01T23:38,1997-02-01T23:40,4823
3881,prockys,1,1996-02-19T03:53,1996-02-19T03:53,3705
3882,pspaca,6,1997-10-30T07:20,1997-11-17T11:04,1501
3883,ruzicic,1,1997-01-13T22:38,1997-01-13T22:38,5336
3884,abojo,1,1996-08-25T20:37,1996-08-25T20:37,5334
3885,trkulja,1,1997-04-10T13:57,1997-04-10T13:57,2378
3886,ikrle,9,1997-05-08T13:42,1997-05-29T20:54,3704
3887,smavrak,3,1998-03-27T06:56,1998-05-20T10:11,4521
3888,cvetko,1,1997-06-20T15:03,1997-06-20T15:03,4884
3889,jocca,1,1997-04-13T11:19,1997-04-13T11:19,1860
3890,tkovacevic,1,1995-12-01T23:21,1995-12-01T23:21,5344
3891,shomy,1,1996-03-09T10:37,1996-03-09T10:37,5346
3892,zvrle,1,1996-05-31T13:57,1996-05-31T13:57,5345
3893,albamg,1,1997-02-20T17:19,1997-02-20T17:19,5347
3894,lana,1,1999-02-23T00:39,1999-02-23T00:39,3071
3895,dturkanovic,1,1995-06-06T00:45,1995-06-06T00:45,5348
3896,grofi,1,1996-10-11T03:34,1996-10-11T03:34,2168
3897,ana.,1,1996-12-26T20:19,1996-12-26T20:19,5352
3898,hucker,4,1997-08-29T16:32,1997-09-04T19:25,4379
3899,bbocaa,1,1995-09-10T15:54,1995-09-10T15:54,520
3900,basket,1,1995-12-11T10:15,1995-12-11T10:15,5353
3901,svacic,1,1995-11-23T22:26,1995-11-23T22:26,2386
